ID del artículo,Nombre del artículo,Compatibilidad,Precio Lista ( U$D),Precio Venta (ARS),Stock,Estado,Origen,Pasillo,Notas
91503-SZ3-003-IMP,Grampa de paragolpe,Todos,$0.13,"$1,300.00",799,,TAI,,
12342-P2F-A01/RYE-IMP,Sello de bujia,Varios,$0.94,"$4,500.00",160,,JAP,,
12342-PG6-000-IMP,Sello de bujia,Varios,$0.35,"$4,500.00",160,,JAP,,
12342-PT0-000-IMP,Sello de bujia,Accord 90/97,$0.42,"$2,478.00",100,,JAP,,
12210-PZ1-004-IMP,Juego de retenes de valvulas,Varios,$0.28,"$40,000.00",64,,JAP,,
12211-PZ1-004-IMP,Reten de valvula,CIVIC 88-00 ,$0.31,"$1,829.00",64,,JAP,,
90442-PR3-000-IMP,Arandela tapa de valvulas,C/92-95,$0.58,"$2,500.00",56,,JAP,,
17139-PK1-000-IMP,Buje goma valvula PCV,,$0.36,"$5,500.00",40,,JAP,,
30110-PA1-732-IMP,O-RING,CIVIC 88-00 AccordORD 84-02,$0.60,"$3,540.00",40,,JAP,,
90442-P2A-000-IMP,Arandela tapa de valvulas,C/96/00,$0.39,"$2,301.00",40,,TAI,,
91508-SR3-000-IMP,CLIP COLW TOP,CIVIC 92-00,$0.33,"$1,947.00",40,,TAI,,
12341-PNA-000/RAA/RTA-IMP,VALV COV GKT,CR-V 02-6/Accord03-05 RAA/RTA,$2.00,"$11,800.00",32,,TAI,,
15845-RAA-A01-IMP,Conjunto filtro valvula spool,AccordORD 08-12,$1.09,"$6,431.00",32,,TAI,,
19045-P08-013/CER-331-IMP,Tapa de radiador,Civic 92-00 + CR-V + Accord 94-00,$2.37,"$20,000.00",32,,JAP,,
19301-P08-316-IMP,Termostato,CIVIC 88-00,$5.56,"$32,804.00",32,,JAP,,
91205-PL3-A01-IMP,Reten de aceite 35x56x8,CIVIC 84-05 4D,$3.18,"$18,762.00",32,,JAP,,
91212-PLC-003/4-IMP,Reten de aceite 38x50x7,CIVIC 01-05,$1.35,"$7,965.00",32,,JAP,,
91212-PT0-003/P0A-IMP,Reten de aceite 40x52x7,AccordORD 90-02,$2.65,"$15,635.00",14,,JAP,,
91212-R1B-A01-IMP,Reten de aceite 43x58x7,Civic 06-15,$1.53,"$9,027.00",32,,JAP,,
91213-PD2-004/P2F-IMP,Reten de aceite 29x45x8,Accord84/89 Civic 84/97,$1.61,"$9,499.00",30,,JAP,,
91213-PT0-004-IMP,Reten de arbol de levas,Accord 90-00,$1.61,"$12,000.00",10,,JAP,,
91214-PNA-014/RTA-IMP,Reten de bancada 80x 98x10,CR-V 2003 - 2006,$4.46,"$28,000.00",32,,JAP,,
11251-P01-004/PE0-IMP,Junta de carter,,$2.49,"$14,691.00",16,,TAI,,
11251-P2A-014-IMP,Junta de carter de aceite,"CIVIC 96-05,SEDAN,COUPE",$2.61,"$15,399.00",16,,TAI,,
11251-P30-004-IMP,Junta de carter,,$2.17,"$38,000.00",16,,TAI,,
12341-P08-000-IMP,Junta de tapa de valvulas,Civic 92-95 americano,$2.19,"$18,000.00",16,,TAI,,
12341-P0A-000-IMP,Junta de tapa de valvulas,Accord 94-00,$2.09,"$18,000.00",16,,TAI,,
12341-P2A-000/P2F-IMP,Junta de tapa de valvulas,CIVIC 96-00,$2.06,"$12,154.00",12,,TAI,,
12341-PLC-000-IMP,Junta de tapa de valvulas,CIVIC 01/05,$2.12,"$12,508.00",16,,TAI,,
12341-PWA-000-IMP,Junta de tapa de valvulas,FIT,$2.09,"$12,331.00",16,,TAI,,
12341-RB0-003-IMP,Junta de tapa de valvulas,FIT 09/12,$4.43,"$26,137.00",16,,JAP,,
12341-RNA-A01-IMP,Junta de tapa de valvulas,CIVIC 06-11,$2.31,"$24,000.00",16,,TAI,,
15815-RAA-A02-IMP,Conjunto filtro valvula spool,,$6.56,"$38,704.00",16,,JAP,,
17225-R1A-A01-IMP,AIR TUBE,CIVIC 12-15,$5.08,"$29,972.00",16,,CHI,,
19305-PC6-000/P506-IMP,Junta de termostato,AccordORD 84-89,$1.14,"$6,726.00",16,,JAP,,
30103-PT2-016/YR612E-IMP,Rotor de distribuidor,AccordORD 90-93/YR612E,$2.49,"$14,691.00",16,,JAP,,
37760-P00-004/BS704-IMP,Bulbo electroventilador,Civic 92-00,$8.18,"$54,800.00",16,,JAP,,
39400-SM4-003-IMP,RELAY FUEL,Accord90/97 CV 92/95 PLDE 92/9,$13.64,"$82,000.00",16,,TAI,,
91206-PL3-A01-IMP,Reten de aceite 35x62x8,CIVIC 88-95,$2.28,"$13,452.00",16,,JAP,,
91212-PR3-003-IMP,Reten de aceite 38x50x7.4,"CR-V 97-01,Civic.99-00",$2.89,"$17,051.00",16,,JAP,,
91214-PAA-A01/PLE-IMP,Reten de aceite 80x100x10,"AccordORD,CIVIC",$4.29,"$25,311.00",16,,JAP,,
11251-PT0-000/P0A-IMP,Junta de carter de aceite,AccordORD 90-97,$3.87,"$22,833.00",8,,JAP,,
12341-RAA-A00-IMP,Junta de tapa de valvulas,Accord 03-07 PNA/RTA,$2.62,"$15,458.00",8,,TAI,,
15825-P08-015-IMP,Filtro valvula spool,CIVIC 92-95,$3.51,"$20,709.00",8,,TAI,,
17105-P00-T03-IMP,Junta de admisión,Civic 92-00,$2.44,"$19,200.00",4,,JAP,,
19030-RZA-A01-IMP,Motor electro de radiador,CR-V 07-09,$22.27,"$131,393.00",1,,TAI,,
19045-PT0-004/CER-111-IMP,Tapa de radiador,Accord 90-93 + reparados,$2.31,"$20,000.00",8,,JAP,,
19320-P2A-000-IMP,Base de termostato,Civic 96/00,$20.60,"$96,200.00",8,,TAI,,
22810-P20-003-IMP,Ruleman de empuje,Civic 92+,$8.44,"$40,500.00",8,,JAP,,
36750-SE0-013-IMP,Interruptor de stop y cruise,A 90/97/C 92/95,$5.47,"$32,273.00",1,,TAI,,
19030-R5A-A01/MOTOR-IMP,Motor electro de aire acondicionado (solo motor),CR-V 12/14,$30.12,"$177,708.00",6,,TAI,,
04145-PLC-IMP,Tensor de correa de distribución,Civic 01-05,,,,,,,
04717-SWA-IMP,Puntera de paragolpe trasero derecha,CR-V 2008,,,,,,,
04717-T0A-IMP,Puntera de paragolpe trasera derecho,,,,,,,,
04718-SWA-IMP,Puntera de paragolpe trasero izquierda,,,,,,,,
04718-T0A-IMP,Puntera de paragolpe trasera izquierda,,,,,,,,
06110-689-IMP,Juntas de motor (juego),,,,,,,,
06110-P03-IMP,Juntas de motor (juego),Civic 92-95 japones,,,,,,,
06110-P08-IMP,Juntas de motor (juego),Civic 92-95 americano,,,,,,,
06110-P0A-IMP,Juntas de motor (juego),Accord 94-97,,,,,,,
06110-P29-IMP,Juntas de motor (juego),Civic 92-95 doble arbol,,,,,,,
06110-P2A-IMP,Juntas de motor (juego),Civic 96-00,,,,,,,
06110-P2R-IMP,Juntas de motor (juego),Civic 96 - 00 VTI,,,,,,,
06110-P3F-IMP,Juntas de motor (juego),CR-V 97-01,,,,,,,
06110-PA1-IMP,Juntas de motor (juego),Civic 79-81,,,,,,,
06110-PAA-IMP,Juntas de motor (juego),Accord 98-00,,,,,,,
06110-PLC-IMP,Juntas de motor (juego),Civic 2001 - 2005,,,,,,,
06110-PPA-IMP,Juego de juntas de motor,CR-V,,,,,,,
06110-PR3-IMP,Juntas de motor (juego),Civic 92-00 Vti,,,,,,,
06110-PT5-IMP,Juntas de motor (juego),Accord 90-93,,,,,,,
06302-PT3-IMP,C.D.I.,,,$0.00,,,,,
08200-9008-IMP,Liquido ATF x 1 Litro,Todos,,,,,,,
08200-9008-IMP,Liquido ATF x 4 Litro,,,$0.00,,,,,
08798-9008-IMP,Liquido de freno x 1 Litro DOT 3,Todos,,,,,,,
08798-9008-IMP,Liquido de freno x 400 cc DOT 4,Todos,,,,,,,
08B40-SR0-IMP,Antena de radio,,,$0.00,,,,,
08F13-SM4-IMP,Aleron con luz,Accord 90-93,,,,,,,
08F13-T0A-IMP,Aleron,CR-V 2012,,,,,,,
08F13-TJ0-IMP,Aleron,Fit 2009 - 2011,,,,,,,
08F13-TM6-IMP,Aleron,City 2009 - 2014,,,,,,,
08P08-SR0-IMP,Barreros delanteros juego x 2,Civic 92-95 3 P,,,,,,,
08P08-SR1-IMP,Barreros delanteros juego x 2,Civic 92-95 4 P,,,,,,,
08P15-S10-IMP,Alfombras caja automatica,CR-V 97-01,,,,,,,
08P15-SR1-IMP,Alfombras  juego de 3,,,$0.00,,,,,
08P15-SR1-IMP,Alfombras delanteras,,,$0.00,,,,,
08V31-S5J-IMP,Faros antinieblas kit completo,,,$0.00,,,,,
08V31-S9A-000-IMP,Faros antinieblas kit completo,,,$0.00,,,,,
08V31-S9A-920-IMP,Faros antinieblas kit completo,,,$0.00,,,,,
08V31-SAD-IMP,Faros antinieblas kit completo,,,$0.00,,,,,
08V31-SDA-IMP,Faros antinieblas kit completo,,,$0.00,,,,,
08V31-SNJ-M00MP-IMP,Faros antinieblas kit completo,,,$0.00,,,,,
08V31-SNJ-M50MP-IMP,Faros antinieblas kit completo,,,$0.00,,,,,
08V31-SWA-IMP,Faros antinieblas kit completo,,,$0.00,,,,,
08V31-TJ0-IMP,Faros antinieblas kit completo,,,$0.00,,,,,
08V31-TM6-IMP,Faros antinieblas kit completo,,,$0.00,,,,,
08V31-TR0-IMP,Faros antinieblas kit completo,,,$0.00,,,,,
08W31-T0A-IMP,Faros antinieblas kit completo,CR-V 12 - 14,,,,,,,
11251-P01-IMP,Junta de carter,,,$0.00,,,,,
11251-P0A-IMP,Junta de carter,,,$0.00,,,,,
11251-P30-IMP,Junta de carter,,,"$38,000.00",,,,,
11251-PB2-IMP,Junta de carter,,,$0.00,,,,,
11820-657-IMP,Tapa superior de distribución,,,$0.00,,,,,
12204-PJ7-IMP,Guia de valvula de admision,,,$0.00,,,,,
12204-PM7-IMP,Guia de valvula de admision,,,$0.00,,,,,
12205-PJ7-IMP,Guia de valvula de escape,,,$0.00,,,,,
12205-PM7-IMP,Guia de valvula de escape,,,$0.00,,,,,
12210-PT2-IMP,Juego de retenes de valvulas,,,$0.00,,,,,
12210-PZ1-IMP,Juego de retenes de valvulas,Varios,,"$40,000.00",,,,,
12251-634-IMP,Junta de tapa de cilindros,,,$0.00,,,,,
12251-P0A-IMP,Junta de tapa de cilindros,,,$0.00,,,,,
12251-P2J-IMP,Junta de tapa de cilindros,,,$0.00,,,,,
12251-P3F-IMP,Junta de tapa de cilindros,,,$0.00,,,,,
12251-PAA-IMP,Junta de tapa de cilindros,,,$0.00,,,,,
12251-PB2-IMP,Junta de tapa de cilindros,,,$0.00,,,,,
12251-PM3-IMP,Junta de tapa de cilindros,,,"$75,500.00",,,,,
12251-PM7-IMP,Junta de tapa de cilindros,,,$0.00,,,,,
12251-PT0-IMP,Junta de tapa de cilindros,,,$0.00,,,,,
12341-P08-IMP,Junta de tapa de valvulas,Civic 92-95 americano,,"$18,000.00",,,,,
12341-P0A-IMP,Junta de tapa de valvulas,Accord 94-00,,"$18,000.00",,,,,
12341-PA1-IMP,Junta de tapa de valvulas,Civic 79-81,,"$16,000.00",,,,,
12341-PB2-IMP,Junta de tapa de valvulas,accord 79-81,,"$20,000.00",,,,,
12341-PM6-IMP,Junta de tapa de valvulas,Civic 92-95 1 arbol,,"$18,000.00",,,,,
12341-PM7-IMP,Junta de tapa de valvulas,Civic 92-95 2 arboles,,"$18,000.00",,,,,
12341-PR4-IMP,Junta de tapa de valvulas,CR-V 97-01,,"$28,000.00",,,,,
12341-PT0-IMP,Junta de tapa de valvulas,Accord 90-93,,"$18,000.00",,,,,
12341-RCA-A00-IMP,Junta tapa de valvulas,A/02/07 V6,,,,,,,
12342-PG6-IMP,Sello de bujia 12342-PT0,Varios,,"$4,500.00",,,,,
12342-P2F-IMP,Sello de bujia,Varios,,"$4,500.00",,,,,
12513-P30-IMP,Tapon levas,Crv98/01/C01/05,,"$12,900.00",,,,,
13010-679-IMP,Aros de piston (juego),Acty 79-81,,,,,,,
13010-P0A-IMP,Aros de piston (juego),Accord 90-00,,,,,,,
13010-P28-IMP,Aros de piston (juego),,,$0.00,,,,,
13010-P3F-IMP,Aros de piston (juego),,,$0.00,,,,,
13010-PA1-IMP,Aros de piston (juego),,,$0.00,,,,,
13101-679-IMP,Pistones con perno (juego),Acty 79-81,,,,,,,
13101-P0A-IMP,Pistones con perno (juego),Accord 94-00,,,,,,,
13101-P28-IMP,Pistones con perno (juego),Civic 92-00,,,,,,,
13101-P3F-IMP,Pistones con perno (juego),CR-V 97-01,,,,,,,
13101-PA1-IMP,Pistones con perno (juego),Civic 79-81,,,,,,,
13101-PB2-IMP,Pistones con perno (juego),Accord 79-83,,,,,,,
13101-PT0-IMP,Pistones con perno (juego),Accord 90-93,,,,,,,
13211-P3F-IMP,Metales de biela (juego),,,$0.00,,,,,
13211-PA1-IMP,Metales de biela (juego),,,$0.00,,,,,
13211-PB2-IMP,Metales de biela (juego),,,$0.00,,,,,
13211-PG6-IMP,Metales de biela (juego),,,$0.00,,,,,
13211-PT0-IMP,Metales de biela (juego),,,$0.00,,,,,
13231-PB2-IMP,Metales de bancada (juego),,,$0.00,,,,,
13231-PG6-IMP,Metales de bancada (juego),,,$0.00,,,,,
13231-PR4-IMP,Metales de bancada (juego),,,$0.00,,,,,
13231-PT0-IMP,Metales de bancada (juego),,,$0.00,,,,,
13331-PG6-IMP,Metales axiales (juego),Civic 92-00,,$250.00,,,,,
13331-PR4-IMP,Metales axiales (juego),CR-V 97-01,,$250.00,,,,,
13331-PT0-IMP,Metales axiales (juego),Accord 90-00,,$250.00,,,,,
13404-PT0-JAP-IMP,Tensor de correa de balanceador,Accord 90-00,,,,,,,
13405-PT0-IMP,Correa de balanceador 70x16,Accord 90-00,,"$35,300.00",,,,,
13810-PLM-A01-IMP,Polea,,,$0.00,,,,,
13811-P01-IMP,Polea de cigüeñal,Civic 92-95,,"$11,000.00",,,,,
13811-P0A-IMP,Polea de cigüeñal,Accord 94-00,,,,,,,
13811-P2K-IMP,Polea de cigüeñal,Civic 96-00,,"$11,000.00",,,,,
13811-P3F-IMP,Polea de cigüeñal,CR-V 97-2000,,"$18,000.00",,,,,
13811-PT1-IMP,Polea de cigüeñal,Accord 90-93,,"$18,000.00",,,,,
13811-PWA-IMP,Polea de cigüeñal,Fit,,"$11,000.00",,,,,
14400-634-IMP,Correa de distribución,Civic 79-81,,,,,,,
14400-657-IMP,Correa de distribución,Accord 79-83,,,,,,,
14400-P13-IMP,Correa de distribución,Prelude 92-95,,,,,,,
14400-P14-IMP,Correa de distribución,Prelude 92-95,,,,,,,
14400-P2F-A01-IMP,Correa de distribución,CIVIC 92/00 ,,"$48,900.00",2,,,,
14400-P2T-IMP,Correa de distribución,Civic 96-00 Vti,,,,,,,
14400-P7J-IMP,Correa de distribución,CR-V 97-01,,"$64,500.00",,,,,
14400-PAA-IMP,Correa de distribución,Accord 94-00,,"$87,300.00",,,,,
14400-PK2-004-IMP,Correa de distribución,Civic 92-95 SI doble arbol,,"$65,000.00",2,,,,
14400-PM3-IMP,Correa de distribución,Civic 92-95 EX carburador,,,,,,,
14400-PLM-004-IMP,Correa de distribución,Civic 01/05,,"$44,200.00",5,,,,
14400-PT0-IMP,Correa de distribución,Accord 90-93,,"$70,000.00",,,,,
14510-P30-JAP-IMP,Tensor de correa de distribución,CR-V 97-01,,"$78,000.00",,,,,
14510-PC1-IMP,Tensor de correa de distribución,,,,,,,,
14510-PM7-JAP-IMP,Tensor de correa de distribución,Civic 92-95 japones,,,,,,,
14510-PT0-JAP-IMP,Tensor de correa de distribución,Accord 90-00,,,,,,,
14520-P2A-JAP-IMP,Tensor de correa de distribución,Civic 92-95 americano,,"$85,100.00",,,,,
14711-676-IMP,Valvula de admisión,Accord 79-81,,,,,,,
14711-P08-IMP,Valvula de admisión,Civic 92-95 americano,,,,,,,
14711-P0A-IMP,Valvula de admisión,Accord 94-97,,,,,,,
14711-P0H-IMP,Valvula de admisión,Accord 94-97,,,,,,,
14711-P75-IMP,Valvula de admisión,CR-V 97-2000,,,,,,,
14711-PA1-IMP,Valvula de admisión,Civic 79-83,,,,,,,
14711-PT3-IMP,Valvula de admisión,Accord 90-93,,,,,,,
14721-676-IMP,Valvula de escape,Accord 79-81,,,,,,,
14721-P08-IMP,Valvula de escape,Civic 92-95 americano,,,,,,,
14721-P0A-IMP,Valvula de escape,Accord 94-97,,,,,,,
14721-P0J-IMP,Valvula de escape,Accord 94-97,,,,,,,
14721-P75-IMP,Valvula de escape,CR-V 97-2000,,,,,,,
14721-PA1-IMP,Valvula de escape,Civic 79-83,,,,,,,
14721-PT3-IMP,Valvula de escape,Accord 90-93,,$219.00,,,,,
15100-P01-IMP,Bomba de aceite,Civic 92-95,,,,,,,
15100-PB2-IMP,Bomba de aceite caja manual,Accord 79-83,,,,,,,
15100-PT0-IMP,Bomba de aceite,Accord 90-97,,,,,,,
15610-PC1-IMP,Tapa de llanado de aceite,Accord Civic Prelude 79-81,,"$9,800.00",,,,,
15610-PC6-IMP,Tapa de llanado de aceite,Acc-Civ-Pre-CRV-92+,,"$9,800.00",,,,,
16010-PA1-IMP,Juego de juntas de carburador,Accord+Civic+Prelude 79-81,,,,,,,
16010-PJ7-IMP,Kit de reparación de carburador,,,$0.00,,,,,
16010-S01-IMP,Filtro de combustible,,,"$24,000.00",,,,,
16010-S5A-IMP,Filtro de combustible,Civic 2001 - 2005,,,,,,,
16010-S9A-IMP,Filtro de combustible,CR-V 02-06,,,,,,,
16010-SAA-IMP,Filtro de combustible,Fit 03-08,,,,,,,
16010-SDG-IMP,Filtro de combustible,Accord 2003 - 2007,,,,,,,
16010-SM4-IMP,Filtro de combustible,Civic 92-94 + Accord 90-93,,,,,,,
16230-PA1-IMP,Cicleur electronico,Acccord+Civic+Prelude 79-81,,,,,,,
16500-PT2-TAPA-IMP,Pipeta de valvula de agua,Civic - Accord,,,,,,,
16700-PM3-IMP,Bomba de nafta,Civic 1.5 Carburador,,,,,,,
16900-S84-IMP,Filtro de combustible,Accord 98-00 + Civic 01,,"$26,000.00",,,,,
17040-SR1-IMP,Bomba de combustible,Todos 92-00,,,,,,,
17048-SNA-IMP,Filtro de combustible,Civic 2006 - 2011,,,,,,,
17048-SWA-IMP,Filtro de combustible,CR-V 2007 - 2011,,"$70,000.00",,,,,
17048-TF0-IMP,Filtro de combustible,Fit 2009 - 2011,,,,,,,
17105-P00-IMP,Junta de admisión,Civic 92-00,,"$19,200.00",,,,,
17105-P0A-IMP,Junta de admisión,Accord 94-97,,,,,,,
17105-PT0-IMP,Junta de admisión,Accord 90-93,,,,,,,
17105-PT3-IMP,Junta de admisión,Accord 90-93,,,,,,,
17130-PK1-IMP,Vavlvula PCV,Todos 92-00,,"$18,000.00",,,,,
17220-P07-IMP,Filtro de aire,Civic 92-95 inyección,,"$18,000.00",,,,,
17220-P0A-IMP,Filtro de aire,Accord 94-97,,"$18,000.00",,,,,
17220-P2F-IMP,Filtro de aire,Civic 96-98 LX,,,,,,,
17220-P2N-IMP,Filtro de aire,Civic 96-98 EX + CR-V 97-00,,"$18,000.00",,,,,
17220-P8C-IMP,Filtro de aire,Accord 98-2000 V6,,,,,,,
17220-PAA-IMP,Filtro de aire,Accord 98-00,,,,,,,
17220-PLC-IMP,Filtro de aire,Civic 01-05,,"$18,000.00",,,,,
17220-PM3-IMP,Filtro de aire,Civic 92-95 carburador,,"$18,000.00",,,,,
17220-PNB-Y01-IMP,Filtro de aire,CR-V 02-05,,"$28,700.00",5,,,,
17220-PT2-IMP,Filtro de aire,Accord 90-93,,"$25,000.00",,,,,
17220-PWA-Y10-IMP,Filtro de aire,Fit 03-08 1.5,,"$28,000.00",,,,,
17220-PWA-Y00-IMP,Filtro de aire,Fit 03-08 1.4,,"$27,000.00",3,,,,
17220-R1A-IMP,Filtro de aire,Civic 2014,,"$28,000.00",,,,,
17220-R40-IMP,Filtro de aire,Accord 08-10 4 cilindros,,,,,,,
17220-RAA-IMP,Filtro de aire,Accord 03-07 4 cilindros,,"$24,800.00",,,,,
17220-RB0-000-IMP,Filtro de aire,Fit / City 08/14,,"$25,600.00",,,,,
17220-RND-M00-IMP,Filtro de aire,Civic 2006 - 2011,,"$25,600.00",6,,,,
17220-RRA-IMP,Filtro de aire,Civic 2006 - 2011 SI,,"$19,900.00",,,,,
17220-RZA-IMP,Filtro de aire,CR-V 06-11,,"$19,000.00",,,,,
17670-SM1-IMP,Tapa de llanado de combustible,Acc - Civ - Pre - Crv,,,,,,,
17910-SR3-G81-IMP,Cable de acelerador,Civic 92-95 Jap. C.Automat.,,,,,,,
17910-SR3-G81-IMP,Cable de acelerador,,,,,,,,
17910-SR3-G81-IMP,Cable de acelerador,,,,,,,,
18115-P00-IMP,Junta de escape,,,,,,,,
18115-P0A-IMP,Junta de escape,,,,,,,,
18115-P2A-IMP,Junta de escape,,,"$19,500.00",,,,,
18115-PT0-IMP,Junta de escape,,,,,,,,
19005-P08-IMP,Motor soporte y paleta de agua,Civic 92-00,,,,,,,
19005-P0A-IMP,Motor soporte y paleta de agua,,,,,,,,
19005-P3F-IMP,Motor soporte y paleta de agua,CR-V 97-01,,,,,,,
19005-PAA-IMP,Motor soporte y paleta de agua,,,,,,,,
19005-PT1-IMP,Motor soporte y paleta de agua,Accord 90-93,,,,,,,
19005-SNJ-IMP,Motor soporte y paleta de agua,Civic 06-11,,,,,,,
19010-P0H-IMP,Radiador de agua,Accord 94-97,,"$193,000.00",,,,,
19010-P28-IMP,Radiador de agua,Civic 92-00,,"$154,080.00",,,,,
19010-P3F-IMP,Radiador de agua,CR-V 97-01,,,,,,,
19010-P8C-IMP,Radiador de agua,Accord 98 V6,,,,,,,
19010-PAA-IMP,Radiador de agua,Accord 98-00,,,,,,,
19010-PMM-IMP,Radiador de agua,Civic 01-05,,,,,,,
19010-PPA-IMP,Radiador de agua,CR-V 02-06,,,,,,,
19010-PT1-IMP,Radiador de agua,,,,,,,,
19010-PWC-IMP,Radiador de agua,Fit 2004 - 2008,,,,,,,
19010-RAA-IMP,Radiador de agua,Accord 2003 - 2007,,,,,,,
19010-RB6-IMP,Radiador de agua,Fit / City 2010,,,,,,,
19010-RN0-IMP,Radiador de agua,Pilot,,,,,,,
19010-RNC-IMP,Radiador de agua,Civic 2007 - 2011,,,,,,,
19010-RZA-IMP,Radiador de agua,CR-V 06-11,,,,,,,
19015-RB0-IMP,Soporte de electro de agua,Fit 2009 - 2011,,,,,,,
19015-RZA-IMP,Soporte de electro de agua,CR-V 2008,,,,,,,
19045-634-IMP,Tapa de radiador,Accord + Civic + Prelude 79-81,,,,,,,
19045-P08-IMP,Tapa de radiador,Civic 92-00 + CR-V + Accord 94-00,,"$20,000.00",30,,,,
19045-PT0-IMP,Tapa de radiador,Accord 90-93 + reparados,,"$20,000.00",10,,,,
19101-P10-IMP,Deposito recuperador de agua,Civic 92-95,,,,,,,
19200-P01-JAP-IMP,Bomba de agua,Civic 92-95 japon,,,,,,,
19200-P08-IMP,Bomba de agua,Civic 92-95 americano,,"$116,000.00",,,,,
19200-P0A-JAP-IMP,Bomba de agua,Accord 90-00,,,,,,,
19200-P13-JAP-IMP,Bomba de agua,Prelude 92-95,,,,,,,
19200-P14-JAP-IMP,Bomba de agua,Prelude 92-95,,,,,,,
19200-P2A-IMP,Bomba de agua,Civic 96-00,,"$140,000.00",,,,,
19200-P72-JAP-IMP,Bomba de agua,Civic 96-00 Vti,,,,,,,
19200-P75-JAP-IMP,Bomba de agua,CR-V 97-01,,,,,,,
19200-PA1-JAP-IMP,Bomba de agua,Civic 79-81,,,,,,,
19200-PB2-JAP-IMP,Bomba de agua,Accord 79-83,,,,,,,
19200-PLM-A01-IMP,Bomba de agua,Civic 01-05,,"$107,000.00",2,,,,
19200-PNA-IMP,Bomba de agua,Fit 03-08,,"$160,000.00",,,,,
19200-PWA-JAP-IMP,Bomba de agua,Fit 03-08,,,,,,,
19200-RCA-IMP,Bomba de agua,Accord 03-07 + CR-V 04+,,,,,,,
19200-RNA-JAP-IMP,Bomba de agua,Civic 2006 - 2011,,,,,,,
19300-PB2-IMP,Termostato,Accord 81,,,,,,,
19301-PAA-IMP,Termostasto con goma,Todos 92-00,,"$40,000.00",,,,,
19301-PNA-IMP,Termostato,CR-V 2002 - 2005,,,,,,,
19301-R40-IMP,Termostato,Accord 2008 - 2010 4 Cilindros,,,,,,,
19301-RAA-IMP,Termostato,Accord 2003 - 2007,,,,,,,
19301-RAF-IMP,Termostato,CR-V 2008 - 2010,,,,,,,
19301-RME-IMP,Termostato,Fit 2004 - 2008,,,,,,,
19305-PT0-IMP,Goma base de termostato,Todos 92-00,,,,,,,
19311-P08-IMP,Cubre termostato,Civic 1992 - 1995 Usa,,"$34,000.00",,,,,
19311-P0A-IMP,Cubre termostato,Accord 1994 - 1997,,"$34,000.00",,,,,
19311-P2A-IMP,Cubre termostato,Civic 1996 - 2000,,"$34,000.00",,,,,
19311-PM3-IMP,Cubre termostato,Civic 1992 - 1995 Jap,,,,,,,
19311-PT0-IMP,Cubre termostato,Accord 1990 - 1993,,,,,,,
19501-P08-IMP,Manguera superior de radiador,Civic 92-00,,"$24,000.00",,,,,
19501-P0A-IMP,Manguera superior de radiador,Accord 94-97,,"$28,000.00",,,,,
19501-P3F-IMP,Manguera superior de radiador,CR-V,,"$28,000.00",,,,,
19501-PT0-IMP,Manguera superior de radiador,Accord 90-93,,"$28,000.00",,,,,
19502-P08-IMP,Manguera inferior de radiador,Civic 92-95,,"$34,200.00",,,,,
19502-P0A-IMP,Manguera inferior de radiador,Accord 94-97,,"$34,200.00",,,,,
19502-P3F-IMP,Manguera inferior de radiador,CR-V,,"$38,000.00",,,,,
19502-PT0-IMP,Manguera inferior de radiador,Accord 90-93,,"$38,000.00",,,,,
19505-P06-A00-IMP,Caño de agua,Civic 92/95 usa,,,,,,,
19505-P06-A00-IMP,Caño de agua,Civic 92/95 usa,,,,,,,
19505-P08-IMP,Caño de agua,Civic 92-95 americano,,,,,,,
19505-P0A-IMP,Caño de agua,Accord 94,,,,,,,
19505-PA1-IMP,Caño de agua,Civic 79-81,,,,,,,
19505-PC1-IMP,Caño de agua,Accord 79-81,,,,,,,
19505-PM3-IMP,Caño de agua,Civic 92-95 EX carburador,,,,,,,
19505-PT0-IMP,Caño de agua,Accord 90-93 2.0,,,,,,,
19505-PT3-IMP,Caño de agua,Accord 90-93 2.2,,,,,,,
20000-P0A-IMP,Kit reparación de caja automatica,Accord 90-97,,,,,,,
20000-P3F-IMP,Kit reparación de caja automatica,CR-V 97-01,,,,,,,
20000-SR4-IMP,Kit reparación de caja automatica,Civic 92-95,,,,,,,
22300-P29-CHI-IMP,Embrague kit Placa+disco+ruleman+reten,Civic 92-95 1.6,,,,,,,
22300-P29-JAP-IMP,Embrague kit Placa+disco+ruleman+reten,Civic 92-95 1.6,,,,,,,
22300-P3F-KIT-IMP,Embrague kit Placa+disco+ruleman+reten,CR-V 97-01,,,,,,,
22300-PLC-IMP,Embrague kit Placa+disco+ruleman+reten EXEDY JAPON,Civic 01-05,,"$32,400.00",,,,,
22300-PNA-JAP-IMP,Embrague kit Placa+disco+ruleman+reten EXEDY JAPON,CR-V 02-06,,,,,,,
22300-PT7-CHI-IMP,Embrague kit Placa+disco+ruleman+reten,Accord 90-97,,,,,,,
22300-PT7-JAP-IMP,Embrague kit Placa+disco+ruleman+reten,Accord 90-97,,,,,,,
22300-PWA-JAP-IMP,Embrague kit Placa+disco+ruleman+reten EXEDY JAPON,Fit 06 - 08,,"$25,700.00",,,,,
22300-RB0-JAP-IMP,Embrague kit Placa+disco+ruleman+reten EXEDY JAPON,Fit / City 2010,,"$29,300.00",,,,,
22300-RNA-JAP-IMP,Embrague kit Placa+disco+ruleman+reten EXEDY JAPON,Civic 06-11,,"$38,900.00",,,,,
22300-RRC-JAP-IMP,Embrague kit Placa+disco+ruleman+reten EXEDY JAPON,Civic 06-11 SI,,,,,,,
22300-RZA-IMP,Embrague kit Placa+disco+ruleman+reten EXEDY JAPON,CR-V 97-01,,,,,,,
22810-P20-JAP-IMP,Ruleman de empuje,Civic 92+,,"$40,500.00",,,,,
22810-PX5-JAP-IMP,Ruleman de empuje,Accord 90+,,"$80,000.00",,,,,
30102-PA0-IMP,Tapa de distribuidor con tornillos,Acccord+Civic+Prelude 79-83,,,,,,,
30102-PA1-IMP,Tapa de distribuidor con sunhos,Acccord+Civic+Prelude 79-82,,,,,,,
30102-PAA-IMP,Tapa de distribuidor,Accord 94-97 hitachi,,,,,,,
30102-PM3-IMP,Tapa de distribuidor,Civic 92-95 carburador,,,,,,,
30102-PT2-IMP,Tapa de distribuidor,Acc.90-97+Civ.92-95+CR-V 97-01,,,,,,,
30102-PT3-A12-IMP,Tapa de distribuidor,Accord,,,,,,,
30103-657-IMP,Rotor de distribuidor,Accord - Civic - Prelude 80,,,,,,,
30103-P08-IMP,Rotor de distribuidor,Acc.90-97+Civ.92-95+CR-V 97-01,,"$29,000.00",,,,,
30103-PM3-IMP,Rotor de distribuidor,Civic 92-95 carburador,,,,,,,
30105-CAP-TORES-IMP,Kiit de captores,Todos,,,,,,,
30105-KIT-REPAR-IMP,Distribuidor (reparación ruleman+reten+o'ring),Todos 92-00 - Civic,,,,,,,
30105-RULEMAN-IMP,Ruleman de distribuidor,Todos,,,,,,,
30120-P01-IMP,C.D.I.,Civic 1.5 Carburador,,,,,,,
30120-P0A-IMP,C.D.I.,Accord 94-97 hitachi,,"$70,000.00",,,,,
30120-PT3-IMP,C.D.I.,Todos 92-00,,"$70,000.00",,,,,
30500-P01-IMP,Bobina de encendido,Civic 92-95 carburador,,,,,,,
30500-P0A-IMP,Bobina de encendido,Accord 90-97 hitachi,,,,,,,
30510-PT2-CHI-IMP,Bobina de encendido,Acc.90-97+Civ.92-95+CR-V 97-01,,,,,,,
30510-PT2-IMP,Bobina de encendido,Acc.90-97+Civ.92-95+CR-V 97-01,,"$45,000.00",,,,,
30520-PGK-IMP,Bobina de encendido,Civic 01-03,,,,,,,
30520-PT9-IMP,Bobina de encendido,Accord 90-97 bobina afuera,,,,,,,
30520-PWA-IMP,Bobina de encendido de admisión,Fit 03-08 1.4,,,,,,,
30520-PWC-003-IMP,Bobina de encendido,Fit 03-08 1.5,,"$30,000.00",12,,,,
30520-RNA-IMP,Bobina de encendido,Civic 06-09,,,,,,,
30521-PWA-IMP,Bobina de encendido de escape,Fit 03-08 1.4,,,,,,,
30520-RB0-IMP,Bobina de encendido,Fit 2009 City,,,,,,,
31110-P01-IMP,Correa de alternador,Civic 92-95,,,,,,,
31110-P2A-003-IMP,Correa de alternador,Civic 96-00,,"$19,950.00",3,,,,
31110-P3F-IMP,Correa de alternador,CR-V 97-01,,,,,,,
31170-RNA-IMP,Tensor de correa,Civic 2007 - 2010,,"$186,050.00",,,,,
31500-SAD-IMP,Bateria,Fit,,,,,,,
31500-SD4-IMP,Bateria,Accord,,,,,,,
31500-SNJ-IMP,Bateria,Civic -,,,,,,,
32700-689-IMP,Cables de bujas,Accord 79-81,,,,,,,
32722-P07-000-IMP,Cables de bujas,Civic 92-95,,"$68,800.00",1,,,,
32722-P0A-IMP,Cables de bujas,Accord 94-97,,,,,,,
32722-P2A-003-IMP,Cables de bujias,C92/00 usa-A94-96,,,,,,,
32722-P2F-IMP,Cables de bujas,Civic 96-00,,,,,,,
32722-P75-A01-IMP,Cables de bujas,CR-V 97-01,,"$68,800.00",2,,,,
32722-PM3-IMP,Cables de bujas,Civic 92-95 carburador,,,,,,,
32722-PT3-IMP,Cables de bujas,Accord 90-93,,,,,,,
33100-SM4-A00-IMP,Optica delantera derecha,Accord 90-91 americano,,,,,,,
33100-SM4-A01-IMP,Optica delantera derecha,Accord 92-93 americano,,,,,,,
33100-SM4-G00-IMP,Optica delantera derecha,Accord 92-93 japones,,,,,,,
33100-SV4-A02-IMP,Optica delantera derecha,Accord 94-97 americano,,"$22,000.00",,,,,
33100-SV4-P00-IMP,Optica delantera derecha,Accord 94-97 japones,,"$22,000.00",,,,,
33100-T0A-IMP,Optica delantera derecha,CR-V 2012,,,,,,,
33100-T7S-IMP,Optica delantera derecha,HR-V 2015+,,,,,,,
33100-TA5-IMP,Optica delantera derecha,Accord 08,,,,,,,
33100-TJ0-IMP,Optica delantera derecha,Fit 09 -11,,,,,,,
33100-TJ0-M50-IMP,Optica delantera derecha,Fit 2012,,,,,,,
33100-TM6-IMP,Optica delantera derecha,City 10,,,,,,,
33100-TM6-T11-IMP,Optica delantera derecha,City 2013 - 2015,,,,,,,
33100-TR8-M01-IMP,Optica delantera derecha ,Civic 2012/14,,"$579,700.00",1,,,,
33100-TR8-IMP,Optica delantera derecha,Civic 2012/14,,,,,,,
33101-S04-A00-IMP,Optica delantera derecha,Civic 96-98 americano,,,,,,,
33101-S04-A01-IMP,Optica delantera derecha,Civic 99-00 americano,,,,,,,
33101-S04-B03-IMP,Optica delantera derecha,Civic 99-00 brasilero,,,,,,,
33101-S04-G00-IMP,Optica delantera derecha,Civic 96-98 japones,,,,,,,
33101-S10-A00-IMP,Optica delantera derecha,CR-V 98-01,,,,,,,
33101-S5J-B01-IMP,Optica delantera derecha,Civic 01-03,,,,,,,
33101-S5J-B51-IMP,Optica delantera derecha,Civic 04-05,,,,,,,
33101-S84-A00-IMP,Optica delantera derecha,Accord 98-00 americano,,,,,,,
33101-S84-G00-IMP,Optica delantera derecha,Accord 98-00 japones,,,,,,,
33101-S9A-B01-IMP,Optica delantera derecha,CR-V 02-04,,,,,,,
33101-S9A-B11-IMP,Optica delantera derecha,CR-V 05-06,,,,,,,
33101-SAD-M01-IMP,Optica delantera derecha fondo negro,Fit 2004 - 2008,,,,,,,
33101-SAD-M11-IMP,Optica delantera derecha fondo cromado,Fit 05 -08,,,,,,,
33101-SDA-IMP,Optica delantera derecha,Accord 03-07,,,,,,,
33101-SNJ-IMP,Optica delantera derecha,Civic 06-10,,"$395,000.00",,,,,
33101-SR3-A01-IMP,Optica delantera derecha,Civic 92-95 americano,,,,,,,
33101-SR3-B01-IMP,Optica delantera derecha,Civic 95-95 japones,,,,,,,
33101-SWA-IMP,Optica delantera derecha,CR-V 07-10,,,,,,,
33111-SR3-IMP,Lampara de alta y baja,Civic,,"$7,800.00",,,,,
33115-671-IMP,Optica de alta,Accord 79-81,,,,,,,
33116-S84-IMP,Lampara de baja HB4,Todos,,,,,,,
33135-671-IMP,Optica de alta y baja,Accord 79-81,,,,,,,
33150-SM4-A00-IMP,Optica delantera izquierda,Accord 90-91 americano,,,,,,,
33150-SM4-A01-IMP,Optica delantera izquierda,Accord 92-93 americano,,,,,,,
33150-SM4-G00-IMP,Optica delantera izquierda,Accord 92-93 japones,,,,,,,
33150-SV4-A02-IMP,Optica delantera izquierda,Accord 94-97 americano,,"$22,000.00",,,,,
33150-SV4-P00-IMP,Optica delantera izquierda,Accord 94-97 japones,,"$22,000.00",,,,,
33150-T0A-IMP,Optica delantera izquierda,CR-V 2012,,,,,,,
33150-T7S-IMP,Optica delantera izquierda,HR-V 2015+,,,,,,,
33150-TA5-IMP,Optica delantera izquierda,Accord 08,,,,,,,
33150-TJ0-IMP,Optica delantera izquierda,Fit 09 - 11,,,,,,,
33150-TJ0-M50-IMP,Optica delantera izquierda,Fit 2012,,,,,,,
33150-TM6-IMP,Optica delantera izquierda,City 10,,,,,,,
33150-TM6-T11-IMP,Optica delantera izquierda,City 2013 - 2015,,,,,,,
33150-TR8-IMP,Optica delantera izquierda electrica,Civic 2012,,,,,,,
33150-TR8-IMP,Optica delantera izquierda manual,Civic 2012,,,,,,,
33151-S04-A00-IMP,Optica delantera izquierda,Civic 96-98 americano,,,,,,,
33151-S04-A01-IMP,Optica delantera izquierda,Civic 99-00 americano,,,,,,,
33151-S04-B03-IMP,Optica delantera izquierda,Civic 99-00 brasilero,,,,,,,
33151-S04-G00-IMP,Optica delantera izquierda,Civic 96-98 japones,,,,,,,
33151-S10-A00-IMP,Optica delantera izquierda,CR-V 98-01,,,,,,,
33151-S5J-B01-IMP,Optica delantera izquierda,Civic 01-03,,,,,,,
33151-S5J-B51-IMP,Optica delantera izquierda,Civic 04-05,,,,,,,
33151-S84-A00-IMP,Optica delantera izquierda,Accord 98-00 americano,,,,,,,
33151-S84-G00-IMP,Optica delantera izquierda,Accord 98-00 japones,,,,,,,
33151-S9A-B01-IMP,Optica delantera izquierda,CR-V 02-04,,,,,,,
33151-S9A-B11-IMP,Optica delantera izquierda,CR-V 05-06,,,,,,,
33151-SAD-M01-IMP,Optica delantera izquierda fondo negro,Fit 2004 - 2008,,,,,,,
33151-SAD-M11ZZ-IMP,Optica delantera izquierda fondo cromado,Fit 05 -08,,,,,,,
33151-SDA-IMP,Optica delantera izquierda,Accord 03-07,,,,,,,
33151-SNJ-IMP,Optica delantera izquierda,Civic 06-10,,"$395,000.00",,,,,
33151-SR3-A01-IMP,Optica delantera izquierda,Civic 92-95 americano,,,,,,,
33151-SR3-B01-IMP,Optica delantera izquierda,Civic 95-95 japones,,,,,,,
33151-SWA-IMP,Optica delantera izquierda,CR-V 07-10,,,,,,,
33300-671-IMP,Faro de paragolpe delantero,Accord 79-81,,,,,,,
33301-SA0-IMP,Lampara piojito,Todos,,,,,,,
33301-SR3-003TW-IMP,Faro de giro esquinero delantero derecho,Civic 92-95 3 P jap,,,,,,,
33301-SR3-A02TW-IMP,Faro de giro esquinero delantero derecho,Civic 92-95 3 P usa,,,,,,,
33301-SR4-003TW-IMP,Faro de giro esquinero delantero derecho,Civic 92-95 4 P jap,,,,,,,
33301-SR4-A02TW-IMP,Faro de giro esquinero delantero derecho,Civic 92-95 4 P usa,,,,,,,
33302-657-IMP,Acrilico de paragolpe delantero,Accord 79-81,,,,,,,
33302-SA5-IMP,Acrilico de paragolpe delantero,Accord 82-85,,,,,,,
33302-SM4-G00-IMP,Faro de giro inferior delantero derecho,Accord 92-93,,,,,,,
33302-SV4-A01-IMP,Faro de giro inferior delantero derecho,Accord 94-95 usa,,,,,,,
33302-SV4-A02-IMP,Faro de giro inferior delantero derecho,Accord 96-97 usa,,,,,,,
33302-SV4-Q01-IMP,Faro de giro inferior delantero derecho,Accord 94-95 jap,,,,,,,
33303-SAD-IMP,Lampara 1 polo con culote,Todos,,,,,,,
33303-SL4-003-IMP,Lampara 2 polos sin culote,Todos,,,,,,,
33351-SR3-003TW-IMP,Faro de giro esquinero delantero izquierdo,Civic 92-95 3 P jap,,,,,,,
33351-SR3-A02TW-IMP,Faro de giro esquinero delantero izquierdo,Civic 92-95 3 P usa,,,,,,,
33351-SR4-003TW-IMP,Faro de giro esquinero delantero izquierdo,Civic 92-95 4 P jap,,,,,,,
33351-SR4-A02TW-IMP,Faro de giro esquinero delantero izquierdo,Civic 92-95 4 P usa,,,,,,,
33352-SM4-G00-IMP,Faro de giro inferior delantero izquierdo,Accord 92-93,,,,,,,
33352-SV4-A01TW-IMP,Faro de giro inferior delantero izquierdo,Accord 94-95 usa,,,,,,,
33352-SV4-A02TW-IMP,Faro de giro inferior delantero izquierdo,Accord 96-97 usa,,,,,,,
33352-SV4-Q01TW-IMP,Faro de giro inferior delantero izquierdo,Accord 94-95 jap,,,,,,,
33500-T0A-IMP,Farol trasero derecho,CR-V 2012,,,,,,,
33500-TA0-IMP,Farol trasero derecho,Accord 08,,,,,,,
33500-TJ0-M01-IMP,Farol trasero derecho,2009/12,,"$79,800.00",2,,,,
33500-TM0-T11-IMP,Farol trasero derecho,City 2012,,,,,,,
33500-TR8-IMP,Farol trasero derecho,Civic 2012,,,,,,,
33501-S02-A00-IMP,Farol trasero exterior derecho,Civic 96-98 2 Puertas,,,,,,,
33501-S03-A01-IMP,Farol trasero derecho,Civic 1996-98 3 Ptas.,,,,,,,
33501-S03-A51-IMP,Farol trasero derecho,Civic 1999-00 3 Ptas.,,,,,,,
33501-S04-A00TW-IMP,Farol trasero exterior derecho,Civic 96-98,,,,,,,
33501-S04-A51TW-IMP,Farol trasero exterior derecho,Civic 99-00,,,,,,,
33501-S10-IMP,Farol trasero derecho,CR-V 97-98,,,,,,,
33501-S5B-003TW-IMP,Farol trasero exterior derecho,Civic 04-06,,,,,,,
33501-S5J-B01TW-IMP,Farol trasero exterior derecho,Civic 01-03,,,,,,,
33501-S84-G01-IMP,Farol trasero derecho exterior,Accord 98-00,,,,,,,
33501-S9A-G00-IMP,Farol trasero exterior derecho,CR-V 2004 - 2004,,,,,,,
33501-S9A-J00-IMP,Farol trasero exterior derecho,CR-V 2005 - 2006,,,,,,,
33501-SAD-IMP,Farol trasero exterior derecho,Fit 03-08,,,,,,,
33501-SDA-B01-IMP,Farol trasero derecho exterior,Accord 03-05,,,,,,,
33501-SDA-Q11-IMP,Faro trasero derecho exterior,Accord 06-07,,,,,,,
33501-SM4-IMP,Farol trasero derecho exterior,Accord 92-93,,,,,,,
33501-SNJ-IMP,Faro trasero derecho exterior,Civic 2007 - 2010,,,,,,,
33501-SR3-A00-IMP,Farol trasero exterior derecho,Civic 92-95 3 P usa,,,,,,,
33501-SR3-G00-IMP,Farol trasero exterior derecho,Civic 92-95 3 P jap,,,,,,,
33501-SR4-A00-IMP,Farol trasero exterior derecho,Civic 92-95 4/2P usa,,,,,,,
33501-SR4-G00-IMP,Farol trasero exterior derecho,Civic 92-95 4/2P jap,,,,,,,
33501-SV4-A02-IMP,Farol trasero derecho exterior,Accord 96-97,,,,,,,
33501-SV4-IMP,Farol trasero derecho exterior,Accord 94-95,,,,,,,
33501-SWA-IMP,Farol trasero exterior derecho,CR-V 07-10,,,,,,,
33505-SLJ-IMP,Ojo de gato de paragolpe trasero derecho,CR-V 2012,,,,,,,
33505-SWA-J01-IMP,Ojo de gato tras.der.,Crv 10/11,,,,,,,
33505-SWA-J01-IMP,Ojo de gato tras.der.,Crv 10/11,,,,,,,
33550-T0A-IMP,Farol trasero izquierdo,CR-V 2012,,,,,,,
33550-TA0-IMP,Farol trasero izquierdo,Accord 08,,,,,,,
33550-TJ0-M01-IMP,Farol trasero izquierdo,Fit 2009/12,,"$79,800.00",2,,,,
33550-TM0-T11-IMP,Farol trasero izquierdo,City 2012,,,,,,,
33550-TR8-IMP,Farol trasero izquierdo,Civic 2012,,,,,,,
33551-S02-A00-IMP,Farol trasero exterior izquierdo,Civic 96-98 2 Puertas,,,,,,,
33551-S03-A01-IMP,Farol trasero izquierdo,Civic 1996-98 3 Ptas.,,,,,,,
33551-S03-A51-IMP,Farol trasero izquierdo,Civic 1999-00 3 Ptas.,,,,,,,
33551-S04-A00-IMP,Farol trasero exterior izquierdo,Civic 96-98,,,,,,,
33551-S04-A51-IMP,Farol trasero exterior izquierdo,Civic 99-00,,,,,,,
33551-S10-IMP,Farol trasero izquierdo,CR-V 97-98,,,,,,,
33551-S5B-003TW-IMP,Farol trasero exterior derecho,Civic 04-06,,,,,,,
33551-S5J-B01-IMP,Farol trasero exterior izquierdo,Civic 01-05,,,,,,,
33551-S84-G01-IMP,Farol trasero izquierdo exterior,Accord 98-00,,,,,,,
33551-S9A-G00-IMP,Farol trasero exterior izquierdo,CR-V 2004 - 2004,,,,,,,
33551-S9A-J00-IMP,Farol trasero exterior izquierdo,CR-V 2005 - 2006,,,,,,,
33551-SAD-IMP,Farol trasero exterior izquierdo,Fit 03-08,,,,,,,
33551-SDA-B01-IMP,Farol trasero izquierdo exterior,Accord 03-05,,,,,,,
33551-SDA-Q11-IMP,Faro trasero izquierdo exterior,Accord 06-07,,,,,,,
33551-SM4-IMP,Farol trasero izquierdo exterior,Accord 92-93,,,,,,,
33551-SNJ-IMP,Faro trasero izquierdo exterior,Civic 2007 - 2010,,,,,,,
33551-SR3-A00-IMP,Farol trasero exterior izquierdo,Civic 92-95 3 P usa,,,,,,,
33551-SR3-G00-IMP,Farol trasero exterior izquierdo,Civic 92-95 3 P jap,,,,,,,
33551-SR4-A00-IMP,Farol trasero exterior izquierdo,Civic 92-95 4/2P usa,,,,,,,
33551-SR4-G00-IMP,Farol trasero exterior izquierdo,Civic 92-95 4/2P jap,,,,,,,
33551-SV4-A02-IMP,Farol trasero izquierdo exterior,Accord 96-97,,,,,,,
33551-SV4-IMP,Farol trasero izquierdo exterior,Accord 94-95,,,,,,,
33551-SWA-IMP,Farol trasero exterior izquierdo,CR-V 07-10,,,,,,,
33555-SLJ-IMP,Ojo de gato de paragolpe trasero izquierdo,CR-V 2012,,,,,,,
33555-SWA-J01-IMP,Ojo de gato tras.izq.,Crv 10/11,,,,,,,
33801-S10-IMP,Ojo de gato delantero derecho,CR-V 1997 - 2000,,,,,,,
33851-S10-IMP,Ojo de gato delantero Izquierdo,CR-V 1997 - 2000,,,,,,,
33901-S10-IMP,Ojo de gato trasero derecho,CR-V 1997 - 2000,,,,,,,
33901-S5B-IMP,Faro antiniebla derecho,Civic 04-05,,,,,,,
33901-S9A-IMP,Faro antiniebla derecho,CR-V 02-04,,,,,,,
33901-S9A-IMP,Faro antiniebla derecho,CR-V 05-06,,,,,,,
33901-SNJ-IMP,Faro antiniebla derecho,Civic 06-08,,,,,,,
33901-SNJ-M50-IMP,Faro antiniebla derecho,Civic 09-11,,,,,,,
33901-SWA-IMP,Faro antiniebla derecho,CR-V 07-10,,,,,,,
33901-TM6-IMP,Faro antiniebla derecho,City 10,,,,,,,
33951-S10-IMP,Ojo de gato trasero izquierdo,CR-V 1997 - 2000,,,,,,,
33951-S5B-IMP,Faro antiniebla izquierdo,Civic 04-05,,,,,,,
33951-S9A-IMP,Faro antiniebla derecho,CR-V 02-04,,,,,,,
33951-S9A-IMP,Faro antiniebla izquierdo,CR-V 05-06,,,,,,,
33951-SNJ-IMP,Faro antiniebla izquierdo,Civic 06-08,,,,,,,
33951-SNJ-M50-IMP,Faro antiniebla izquierdo,Civic 09-11,,,,,,,
33951-SWA-IMP,Faro antiniebla izquierdo,CR-V 07-10,,,,,,,
33951-TM6-IMP,Faro antiniebla izquierdo,City 10,,,,,,,
34150-TR8-IMP,Farol trasero derecho interior,Civic 2013 - 2015,,,,,,,
34151-S04-IMP,Farol trasero interior derecho,Civic 96-00,,,,,,,
34151-S5B-IMP,Farol trasero interior derecho,Civic 01-05,,,,,,,
34151-SDA-IMP,Farol trasero derecho interior,Accord 03-07,,,,,,,
34151-SM4-IMP,Farol trasero derecho interior,Accord 92-93,,,,,,,
34151-SR3-IMP,Farol trasero interior derecho,Civic 92-95 3 P,,,,,,,
34151-SR4-IMP,Farol trasero interior derecho,Civic 92-95 4/2 P,,,,,,,
34151-SV4-A01-IMP,Farol trasero derecho interior,Accord 96-97,,,,,,,
34155-TR8-IMP,Farol trasero izquierdo interior,Civic 2013 - 2015,,,,,,,
34156-S04-IMP,Farol trasero interior izquierdo,Civic 96-00,,,,,,,
34156-S5B-IMP,Farol trasero interior izquierdo,Civic 01-05,,,,,,,
34156-SDA-IMP,Farol trasero izquierdo interior,Accord 03-07,,,,,,,
34156-SM4-IMP,Farol trasero izquierdo interior,Accord 92-93,,,,,,,
34156-SR3-IMP,Farol trasero interior izquierdo,Civic 92-95 3 P,,,,,,,
34156-SR4-IMP,Farol trasero interior izquierdo,Civic 92-95 4/2 P,,,,,,,
34156-SV4-A01-IMP,Farol trasero izquierdo interior,Accord 96-97,,,,,,,
34300-634-IMP,Faro de giro lateral derecho,Accord 79-81,,,,,,,
34300-SA5-IMP,Faro de giro esquinero delantero derecho,Accord 82-93,,,,,,,
34301-634-IMP,Acrilico de giro lateral derecho,Accord 79-81,,,,,,,
34301-SM4-A00-IMP,Faro de giro esquinero delantero derecho,Accord 90-93 usa,,,,,,,
34301-SM4-G00-IMP,Faro de giro esquinero delantero derecho,Accord 90-93 jap,,,,,,,
34301-SS0-G00-IMP,Faro de giro esquinero delantero derecho,Prelude 92-95,,,,,,,
34301-SV4-A02-IMP,Faro de giro esquinero delantero derecho,Accord 94-97 usa,,,,,,,
34301-SV4-Q01-IMP,Faro de giro esquinero delantero derecho,Accord 94-97 jap,,,,,,,
34350-634-IMP,Faro de giro lateral izquierdo,Accord 79-81,,,,,,,
34351-SM4-A00-IMP,Faro de giro esquinero delantero izquierdo,Accord 90-93 usa,,,,,,,
34351-SM4-G00-IMP,Faro de giro esquinero delantero izquierdo,Accord 90-93 jap,,,,,,,
34351-SS0-G00-IMP,Faro de giro esquinero delantero izquierdo,Prelude 92-95,,,,,,,
34351-SV4-A02-IMP,Faro de giro esquinero delantero izquierdo,Accord 94-97 usa,,,,,,,
34351-SV4-Q01-IMP,Faro de giro esquinero delantero izquierdo,Accord 94-97 jap,,,,,,,
34901-SZ3-IMP,Lampara de antiniebla H1,Todos,,,,,,,
34906-SAD-IMP,Lampara 1 polo ambar con culote,Todos,,,,,,,
34906-SAD-IMP,Lampara 2 polos ambar con culote,Todos,,,,,,,
34906-ST5-IMP,Lampara de 2 polos sin culote,Todos,,,,,,,
35100-671-IMP,Cerrojo de contacto,Accord 79-81,,,,,,,
35100-SR3-IMP,Cerrojo de contacto kit completo,Civic 92-95,,,,,,,
35130-S04-IMP,Contactor de llave de contacto,Civic 96 2000,,,,,,,
35130-S10-IMP,Contactor de llave de contacto,CR-V 1997 - 2000,,,,,,,
35130-S5A-IMP,Contactor de llave de contacto,Civic 2001 - 2005,,,,,,,
35130-S84-IMP,Contactor de llave de contacto,Accord 1998 - 2000,,,,,,,
35130-SR3-IMP,Contactor de llave de contacto,Civic 1992 - 1995,,"$86,680.00",,,,,
35130-SV4-IMP,Contactor de llave de contacto,Accord 1994 - 1997,,,,,,,
36531-PLM-IMP,Sensor de oxigeno,Todos,,,,,,,
36750-SE0-IMP,Interruptor de stop y cruise,A 90/97/C 92/95,,,,,,,
37240-PT0-IMP,Bulbo de presión de aceite,Todos 92-00,,,,,,,
37750-PH2-IMP,Bulbo de temperatura,Todos 92-00,,,,,,,
37760-P00-IMP,Bulbo electroventilador,Civic 92-00,,,,,,,
37763-PB2-IMP,Bulbo electroventilador,Accord-Civic-Prelude 79-81,,,,,,,
37770-PT0-IMP,Bulbo electroventilador,Accord 90-97,,,,,,,
37773-PT0-IMP,Bulbo electroventilador,Accord 90-97,,,,,,,
37870-PK2-IMP,Bulbo de temperatura,Civic - Accord 92- 2000,,,,,,,
38615-RB0-IMP,Soporte de electro a aire,Fit 2009 - 2011,,,,,,,
38615-RZA-IMP,Soporte de electro de aire,CR-V 2008,,,,,,,
38616-PAA-IMP,Motor electro de aire acondicionado,Accord 1998 - 2000,,,,,,,
38616-PLC-IMP,Motor electro de aire acondicionado,Civic 2001 - 2005,,,,,,,
38616-PM5-IMP,Motor electro de aire acondicionado,Civic 1992 - 1995,,,,,,,
38616-PT3-IMP,Motor electro de aire acondicionado,Accord 1990 - 1993,,,,,,,
38616-PWA-IMP,Motor electro de aire acondicionado,Fit 2004 - 2008,,,,,,,
38616-R40-IMP,Motor electro de aire acondicionado,Accord 2008 - 2010 4 Cilindros,,,,,,,
38616-RAA-IMP,Motor electro de aire acondicionado,Accord 2003 - 2007,,,,,,,
38616-RNA-IMP,Motor electro de aire acondicionado,Civic 2006 - 2011,,,,,,,
38616-RZA-IMP,Motor electro de aire acondicionado,CR-V 2007 - 2011,,,,,,,
38920-P02-IMP,Correa de aire acondicionado,Civic 92-95,,,,,,,
38920-P08-IMP,Correa de aire acondicionado,Civic 92-95 carburador,,,,,,,
38920-P0A-IMP,Correa de aire acondicionado,Accord 94-97,,,,,,,
38920-P2A-IMP,Correa de aire acondicionado,Civic 96-00,,,,,,,
38920-P3F-IMP,Correa de aire acondicionado,CR-V 97-01,,,,,,,
38920-PLR-IMP,Correa de aire acondicionado,Civic 2001 - 2005,,,,,,,
38920-PT0-IMP,Correa de aire acondicionado,Accord 90-93,,,,,,,
38920-PWA-004-IMP,Corra de aire acondicionado,Fit 03-08,,"$35,200.00",5,,,,
38942-P01-IMP,Polea a/a,CIVIC,,,,,,,
38942-P3F-IMP,Polea a/a,CR-V,,,,,,,
38942-PWA-IMP,Polea a/a,FIT,,,,,,,
38950-RULEMAN-IMP,Ruleman de polea de aire acondicionado,Todos 92-00,,,,,,,
39152-SM4-IMP,Antena de radio,Accord 90-97 + Prelude 92-95,,,,,,,
39152-SWA-IMP,Antena de radio,Fit - Civic - CR-V,,,,,,,
39400-SR3-IMP,Relay principal,Todos 92-00,,,,,,,
39700-S10-REPAR-IMP,Reloj (reparación),CR-V 96-2000,,,,,,,
42200-S10-IMP,Maza trasera derecha,CR-V 97-01,,,,,,,
42200-SAA-IMP,Maza trasera,Fit 2006 - 2008,,"$134,110.00",,,,,
42200-SB2-IMP,Maza trasera,Civic 92-00 sin ABS,,,,,,,
42200-SM4-004-IMP,Maza trasera,Accord 94-97 sin ABS,,,,,,,
42200-SR3-A06-IMP,Maza trasera,Civic 92-95 SI japones,,,,,,,
42200-SR3-A53-IMP,Maza trasera,Civic 92-95 con ABS,,,,,,,
42200-SV1-J51-IMP,Maza trasera,Accord 94-97 con ABS,,,,,,,
42201-S10-IMP,Maza trasera izquierda,CR-V 97-01,,,,,,,
43022-SR3-IMP,Pastillas de freno traseras,Civic 92-95,,,,,,,
43022-SV4-G22-IMP,Pastillas de freno traseras,Accord 90-00,,"$23,500.00",1,,,,
43022-S5A-J00-IMP,Pastillas de freno traseras,Accord 90/97 Civic 07/11,,"$46,235.00",3,,,,
43300-SM4-IMP,Cilindro de freno trasero derecho,Accord 90-97,,,,,,,
43300-SR3-IMP,Cilindro de freno trasero derecho,Civic 92-00,,,,,,,
43301-SM4-IMP,Cilindro de freno trasero izquierdo,Accord 90-97,,,,,,,
43301-SR3-IMP,Cilindro de freno trasero izquierdo,Civic 92-00,,,,,,,
44010-1003-IMP,Punta de semieje,Accord 79-83 + Civic 79-83,,,,,,,
44010-1019-IMP,Punta de semieje,Accord 90-00,,,,,,,
44010-1019SHI-IMP,Punta de semieje,Accord 90-00,,,,,,,
44010-1025-IMP,Punta de semieje,Civic 92-95 + Civic 96-00 EX,,,,,,,
44200-SM1-IMP,Rulemam de rueda delantera,Accord 90-93 sin ABS,,,,,,,
44300-S47-IMP,Ruleman de rueda delantera,CR-V 97-01 + Accord 98-00,,,,,,,
44300-S47-IMP,Ruleman de rueda delantera,CR-V 97-01 + Accord 98-00,,,,,,,
44300-S5A-IMP,Ruleman de rueda delantera,Civic 01-05,,,,,,,
44300-SAA-IMP,Ruleman de rueda delantera,CR-V 02-06 + Fit,,"$128,000.00",,,,,
44300-SR3-004-IMP,Ruleman de rueda delantera,Civic 92-00 rodado 13,,,,,,,
44300-SR3-A02-IMP,Ruleman de rueda delantera,Civic 92-00 rodado 14,,,,,,,
44305-S47-IMP,Copa de semieje lado de caja,CR-V 97-01,,,,,,,
44305-SM4-IMP,Copa de semieje lado de caja,Accord 90-93,,,,,,,
44305-SR1-IMP,Copa de semieje lado de caja,Civic 92-00,,,,,,,
44305-SV4-IMP,Copa de semieje lado de caja,Accord 94-97,,,,,,,
44305-TRICETA-IMP,Triceta de copa de caja,Todos 92-00,,,,,,,
44333-SM4-IMP,Fuelle de punta de semieje,Todos 92-00,,,,,,,
44733-SAD-IMP,Tasa de rueda,Fit 2006 - 2008,,,,,,,
45014-SAD-IMP,Pastillas de freno delanteras,Fit 03-08,,"$53,500.00",,,,,
45022-T2G-A01-IMP,Pastillas de freno delanteras,HR-V 2016/18,,"$78,000.00",,,,,
45022-S04-IMP,Pastillas de freno delanteras,Civic 92-95 japones,,,,,,,
45022-S5J-M00-IMP,Pastillas de freno COBREQ,CIVIC 01/11,,$0.00,0,,,,
45022-S5J-M00-IMP,Pastillas de freno LITTON ULTRA,Civic  01/11,,"$61,600.00",3,,,,
45022-SA0-010-IMP,Pastillas de freno delanteras,Civic 79-81,,"$60,000.00",,,,,
45022-SHJ-IMP,Pastillas de freno delanteras,CR-V 2007 - 11,,"$78,800.00",,,,,
45022-SM4-A00-IMP,Pastillas de freno delanteras,Accord 90-00,,"$44,000.00",2,,,,
45022-TJ0-IMP,Pastillas de freno delanteras,Fit 2009 + City,,"$70,720.00",,,,,
45251-SAD-IMP,Disco de freno delantero,Fit 2003 +,,"$119,500.00",,,,,
45251-SM4-IMP,Disco de freno delantero,Accord 92-97,,,,,,,
45251-SP0-IMP,Disco de freno delantero,CR-V 97-01,,,,,,,
45251-SR3-A10-IMP,Disco de freno delantero,Civic 92-95,,,,,,,
45251-TJ0-IMP,Disco de freno delantero,Fit 2009 + City,,"$194,620.00",,,,,
46100-692-IMP,Bomba de freno,Accord 79-81,,,,,,,
46100-S04-A03-IMP,Bomba de freno con ABS,Civic 1996 - 2000,,,,,,,
46100-S10-A02-IMP,Bomba de freno con ABS,CR-V 1997 - 2000,,,,,,,
46100-S5D-A51-IMP,Bomba de freno con ABS,Civic 2001 - 2005,,,,,,,
46100-SA5-IMP,Bomba de freno,Accord 82-83,,,,,,,
46100-SM4-A02BGF-IMP,Bomba de freno sin ABS,Accord 90-97,,,,,,,
46100-SM4-A04BGF-IMP,Bomba de freno sin ABS derecha,Accord 90-97,,,,,,,
46100-SM4-G54BGF-IMP,Bomba de freno con ABS,Accord 90-97,,,,,,,
46100-SM4-G54-IMP,Bomba de freno con ABS,Accord 90-97,,,,,,,
46100-SR3-003-IMP,Bomba de freno sin ABS,Civic 92-95,,,,,,,
46100-SR3-833BGF-IMP,Bomba de freno con ABS,Civic 92-95,,,,,,,
46100-SR3-833-IMP,Bomba de freno con ABS,Civic 92-95,,,,,,,
46120-SM4-IMP,Kit de reparacion de bomba de freno,Accord 90-97,,,,,,,
46120-SR3-IMP,Kit de reparacion de bomba de freno,Civic 92-95,,,,,,,
46920-671-IMP,Bomba de embrague,Accord 79-81,,,,,,,
46920-S10-IMP,Bomba de embrague,CR-V 97-01,,,,,,,
46920-SM4-BGF-IMP,Bomba de embrague,Accord 90-97,,,,,,,
46920-SM4-IMP,Bomba de embrague,Accord 90-97,,,,,,,
46920-SNA-A02-IMP,Bomba de embrague,C06/11,,,,,,,
46920-SR3-BGF-IMP,Bomba de embrague,Civic 92-00,,"$114,400.00",,,,,
46930-SNA-IMP,Bombin de embrague,Civ/fit/city,,"$86,500.00",,,,,
46930-671-IMP,Bombin de embrague,Accord 79-81,,,,,,,
46930-SM4-IMP,Bombin de embrague,Accord 90-97,,"$64,000.00",,,,,
46930-SR3-IMP,Bombin de embrague,Civic 92-00 + CR-V 97-01,,"$77,200.00",,,,,
46961-S10-IMP,Flexible de embrague,CR-V 97-2000,,,,,,,
50805-S04-IMP,Pata superior derecha,Civic 96-00 + CR-V 97-01,,,,,,,
50805-S9A-IMP,Pata de motor,CR-V 03-06,,,,,,,
50805-SAA-BUJE-IMP,Buje de para de motor,Fit 2003 +,,,,,,,
50805-SM4-IMP,Pata superior derecha,Accord 90-93,,,,,,,
50805-SR3-IMP,Pata de motor derecha,Civic 92-95,,,,,,,
50805-SV4-IMP,Pata superior derecha,Accord 94-97,,,,,,,
50810-SR3-IMP,Pata trasera central,Civic 92-00 + CR-V 97-01,,,,,,,
50810-SV4-J82-IMP,Pata trasera hidraulica,Accord 90-97 caja automatica,,,,,,,
50810-SV4-J82JAP-IMP,Pata trasera hidraulica,Accord 90-97 caja automatica,,,,,,,
50814-SS0-IMP,Pata de motor delantera,Prelude 92-95,,,,,,,
50820-S10-IMP,Pata superior izquierda,CR-V 97-01,,,,,,,
50820-S5A-IMP,Pata de motor izquierda,Civic 2001 - 2005,,,,,,,
50820-SM4-IMP,Pata superior izquierda,Accord 90-93,,,,,,,
50820-SNA-IMP,Pata de motor derecha,Civic 07 - 10,,"$208,300.00",,,,,
50820-SR3-IMP,Pata de motor izquierda,Civic 92-95,,,,,,,
50820-SV4-IMP,Pata superior izquierda,Accord 94-97,,,,,,,
50821-S84-IMP,Pata de motor izquierda,Accord 98-00,,,,,,,
50824-S04-IMP,Pata superior izquierda,Civic 96-00,,,,,,,
50826-SEL-IMP,Pata de motor,Fit 2003 +,,,,,,,
50830-SM4-IMP,Pata central delantera,Accord 90-93,,,,,,,
50840-S5A-IMP,Pata central delantera,Civic 01-05,,,,,,,
50840-SV4-IMP,Pata central delantera,Accord 94-97,,"$65,000.00",,,,,
50841-SR3-030-IMP,Pata inferior derecha MT/AT,Civic 92-00 + CR-V 97-01,,"$44,400.00",2,,,,
50842-SR3-030-IMP,Pata inferior izquierda MT/AT,Civic 92-00 + CR-V 97-01,,"$44,400.00",2,,,,
51220-S04-IMP,Rotula inferior,Civic 92-00,,,,,,,
51220-S04-SAF-IMP,Rotula inferior,Civic 92-00,,,,,,,
51220-S84-IMP,Rotula inferior,Accord 90-00,,,,,,,
51220-S84-SAF-IMP,Rotula inferior,Accord 90-00,,,,,,,
51220-S9A-IMP,Rotula inferior,CR-V,,,,,,,
51220-SAA-IMP,Rotula inferior,Fit 2004 - 2008,,,,,,,
51270-SM4-IMP,Rotula parrilla superior,Accord 90-93,,,,,,,
51270-SR3-023-IMP,Rotula parrilla superior,Civic 92-00 A90/97,,"$53,500.00",2,,,,
51306-S04-N01-IMP,Buje de barra estabilizadora delantera,CR-V 97-01,,,,,,,
51306-SM4-IMP,Buje de barra estabilizadora delantera,Accord 90-93,,,,,,,
51306-SR3-IMP,Buje de barra estabilizadora delantera,Civic 92-95,,,,,,,
51306-SV4-IMP,Buje de barra estabilizadora delantera,Accord 94-97,,,,,,,
51312-SR3-IMP,Buje de bieleta delantera,Civic 92-95,,,,,,,
51314-SM4-IMP,Buje de bieleta delantera,Accord 90-97,,,,,,,
51315-671-IMP,Buje de barra estabilizadora delantera,Accord 79-83,,,,,,,
51315-SA0-IMP,Buje de barra estabilizadora delantera,Civic 79-81 + Prelude 79-81,,,,,,,
51316-671-IMP,Buje de barra y tensor delantero,Accord 79-83,,,,,,,
51320-S04-IMP,Bieleta delantera,CR-V 97-01,,,,,,,
51320-S04-NAC-IMP,Bieleta delantera,CR-V 97-01,,,,,,,
51320-S5A-003-IMP,Bieleta delantera derecha,Civic 01-05/CR-V 02/06,,"$29,600.00",3,,,,
51320-S84-IMP,Bieleta delantera,Accord 98-00,,,,,,,
51320-SAD-P01-IMP,Bieleta delantera izquierda,Fit 03-08,,"$31,450.00",2,,,,
51320-STK-IMP,Bieleta delantera,CR-V,,"$62,000.00",,,,,
51321-S5A-003-IMP,Bieleta delantera izquierda,Civic 01-05/CR-V 02/06,,"$29,600.00",3,,,,
51321-S84-IMP,Bieleta delantera,Accord 98-00,,,,,,,
51321-SAD-P01-IMP,Bieleta delantera derecha,Fit 03-08,,"$31,450.00",2,,,,
51350-671-IMP,Parrilla de suspensión delantera,Accord 79-83,,,,,,,
51350-692-IMP,Parrilla de suspensión delantera,Prelude 92-95,,,,,,,
51350-S10-IMP,Parrilla inferior derecha,CR-V 97-2000,,,,,,,
51350-SA0-IMP,Parrilla de suspensión delantera,Civic 79-83,,,,,,,
51350-SAD-IMP,Parrilla de suspensión delantera derecha,Fit 03-08,,"$24,930.00",,,,,
51350-SR3-IMP,Parrilla delantera sin brazo tensor derecha,Civic 92-95,,,,,,,
51355-SM4-IMP,Parrilla delantera sin brazo tensor derecha,Accord 90-97,,,,,,,
51360-S10-IMP,Parrilla inferior izquierda,CR-V 97-2000,,,,,,,
51360-SAD-IMP,Parrilla de suspensión delantera izquierda,fit 03-08,,,,,,,
51360-SR3-IMP,Parrilla delantera sin brazo tensor izquierda,Civic 92-95,,,,,,,
51365-SM4-IMP,Parrilla delantera sin brazo tensor izquierda,Accord 90-97,,,,,,,
51391-S04-IMP,Buje de tensor delantrero,Civic 96-00 + CR-V 97-01,,,,,,,
51391-S5A-IMP,Buje de parrilla inferior delantera,Civic + CRV 2001-2006,,"$28,000.00",,,,,
51391-SAA-000-IMP,Buje grande de parrilla inferior delantera,Fit 03-08,,"$35,100.00",6,,,,
51392-671-IMP,Buje de parrilla inferior delantera,Accord 79-83,,,,,,,
51392-S04-IMP,Buje de parrilla inferior chico,Civic 96-00,,,,,,,
51392-S04-JGO-IMP,Buje de parrilla inferior juego,Civic 96-00,,,,,,,
51392-S10-IMP,Buje de parrilla inferior chico,CR-V 97-01,,,,,,,
51392-S10-JGO-IMP,Buje de parrilla inferior juego,CR-V 97-01,,,,,,,
51392-S5A-004-IMP,Buje de parrilla inferior c/ala,Civic 01-05/ Cr-v 02/06,,"$30,300.00",4,,,,
51392-SA0-IMP,Buje de parrilla inferior delantera,Civic 79-81 + Prelude 79-81,,,,,,,
51392-SR3-IMP,Buje de parrilla inferior chico,Civic 92-95,,,,,,,
51392-SV4-IMP,Buje de parrilla inferior chico,Accord 90-97,,,,,,,
51395-SR3-IMP,Buje de tensor delantrero derecho,Civic 92-95,,,,,,,
51396-SA0-IMP,Buje de barra y tensor delantero,Civic 79-81 + Prelude 79-81,,,,,,,
51396-SR3-IMP,Buje de tensor delantrero izquierdo,Civic 92-95,,"$12,100.00",,,,,
51450-S10-IMP,Parrilla de suspensión superior delantera derecha,CR-V 97-01,,,,,,,
51450-S84-IMP,Parrilla de suspensión superior delantera derecha,Accord 98-00,,,,,,,
51450-SH3-IMP,Parrilla de suspensión superior delantera derecha,Civic 88-91,,,,,,,
51450-SM4-IMP,Parrilla de suspensión superior delantera derecha,Accord 90-93,,,,,,,
51450-SR3-IMP,Parrilla de suspensión superior delantera derecha,Civic 92-95,,,,,,,
51450-SV4-IMP,Parrilla de suspensión superior delantera derecha,Accord 94-97,,"$86,400.00",,,,,
51455-S10-000-IMP,Buje de parrilla superior,Civic 96-00 + CR-V 97-01,,"$12,800.00",10,,,,
51455-SR3-IMP,Buje de parrilla superior,Civic 92-95 + Accord 90-97,,,,,,,
51460-S10-IMP,Parrilla de suspensión superior delantera izquierda,CR-V 97-01,,,,,,,
51460-S84-IMP,Parrilla de suspensión superior delantera izquierda,Accord 98-00,,,,,,,
51460-SH3-IMP,Parrilla de suspensión superior delantera izquierda,Civic 88-91,,,,,,,
51460-SM4-IMP,Parrilla de suspensión superior delantera izquierda,Accord 90-93,,,,,,,
51460-SR3-IMP,Parrilla de suspensión superior delantera izquierda,Civic 92-95,,,,,,,
51460-SV4-A00-IMP,Parrilla de suspensión superior delantera izquierda,Accord 94-97,,"$135,600.00",1,,,,
51605-S10-IMP,Amortiguador delantero,CR-V 97-01,,"$30,200.00",,,,,
51605-S1L-IMP,Amortiguador delantero,Civic 96-2000,,,,,,,
51605-S5J-K02-IMP,Amortiguador delantero,Civic 01-03,,,,,,,
51605-S84-IMP,Amortiguador delantero,Accord 98-00,,,,,,,
51605-SAD-IMP,Amortiguador delantero,Fit 2003 +,,,,,,,
51605-SM4-IMP,Amortiguador delantero,Accord 90-93,,,,,,,
51605-SNJ-IMP,Amortiguador delantero,Civic 2006 - 2011,,,,,,,
51605-SR3-IMP,Amortiguador delantero,Civic 92-95,,,,,,,
51605-SV4-IMP,Amortiguador delantero,Accord 94-97,,,,,,,
51605-SWA-IMP,Amortiguador delantero,CR-V 2008,,,,,,,
51606-S5J-K02-IMP,Amortiguador delantero,Civic 01-03,,,,,,,
51606-S5J-K52-IMP,Amortiguador delantero,Civic 04-05,,,,,,,
51606-S5J-K52-IMP,Amortiguador delantero,Civic 04-05,,,,,,,
51722-SR3-IMP,Tope de amortiguador,Todos,,,,,,,
51810-S04-IMP,Buje de parrilla inferior grande,Civic 96-00,,,,,,,
51810-S10-IMP,Buje de parrilla inferior grande,CR-V 97-01,,,,,,,
51810-SH3-IMP,Buje de parrilla inferior grande,Civic 92-95,,,,,,,
51810-SV4-IMP,Buje de parrilla inferior grande,Accord 90-97,,,,,,,
52306-SJ4-IMP,Buje de barra estabilizadora trasera,Civic 92-95,,,,,,,
52306-SV4-IMP,Buje de barra estabilizadora trasera,Accord 90-97,,,,,,,
52315-S10-IMP,Buje de barra estabilizadora trasera,CR-V 97-01,,$890.00,,,,,
52316-SA5-IMP,Buje de bieleta trasera,Accord 90-97,,,,,,,
52320-S10-003-IMP,Bieleta trasera derecha,CR-V 97-01,,"$28,750.00",2,,,,
52320-S84-IMP,Bieleta trasera derecha,Accord 98-00,,,,,,,
52321-S10-003-IMP,Bieleta trasera izquierda,CR-V 97-01,,"$28,750.00",2,,,,
52321-S84-IMP,Bieleta trasera izquierda,Accord 98-00,,,,,,,
52385-SR3-000-IMP,Buje de pantografo trasero,Civic 92-00 + CR-V 97-01,,"$59,600.00",4,,,,
52390-SM1-IMP,Parrilla trasera superior derecha,Accord 90-97,,,,,,,
52390-SR0-IMP,Parrilla superior trasera derecha,Civic 92-00,,,,,,,
52393-SR3-IMP,Buje de parrilla inferior trasera,Civic 92-00,,,,,,,
52395-SR0-IMP,Buje caramelito trasero,Civic 92-00 + CR-V 97-01,,,,,,,
52400-SM4-IMP,Parrilla trasera superior izquierda,Accord 90-97,,,,,,,
52400-SR0-IMP,Parrilla superior trasera izquierda,Civic 92-00,,,,,,,
52610-SAD-IMP,Amortiguador trasero,Fit 2006 - 2008,,,,,,,
52610-SNJ-IMP,Amortiguador trasero,Civic 2006 - 2011,,,,,,,
52611-S10-IMP,Amortiguador trasero,CR-V 97-01,,"$38,000.00",,,,,
52611-S1L-IMP,Amortiguador trasero,Civic 96-2000,,,,,,,
52611-S5J-K02-IMP,Amortiguador trasero,Civic 01-03,,,,,,,
52611-S5J-K52-IMP,Amortiguador trasero,Civic 04-05,,,,,,,
52611-S84-IMP,Amortiguador trasero,Accord 98-00,,,,,,,
52611-SM4-IMP,Amortiguador trasero,Accord 90-93,,,,,,,
52611-SR3-IMP,Amortiguador trasero,Civic 92-95,,,,,,,
52611-SV4-IMP,Amortiguador trasero,Accord 94-97,,,,,,,
53010-S04-IMP,Precaps,Civic 96-00,,,,,,,
53010-S10-IMP,Precaps,CR-V 97-01,,"$6,730.00",,,,,
53010-S84-IMP,Precaps,Accord 98-00,,,,,,,
53010-S87-IMP,Precaps,Accord 98-00 V6,,,,,,,
53010-SAD-IMP,Precaps,Fit 03-08,,,,,,,
53010-SNA-IMP,Precaps,Civic 06-10,,,,,,,
53010-SR3-IMP,Precaps,Civic 92-95,,,,,,,
53010-SV4-000-IMP,Precaps,Accord 94-97,,"$42,800.00",2,,,,
53521-SM4-IMP,Precaps,Accord 90-93,,,,,,,
53534-SA0-IMP,Extremo de dirección,Acc-Civ-Pre-79-81,,,,,,,
53534-SA0-IMP,Fuelle de cremallera,Accord-Civic-Prelude 79-81,,,,,,,
53534-SR3-IMP,Fuelle de caja de dirección,Todos 92-00,,"$7,200.00",,,,,
53540-SEL-IMP,Extremo de dirección derecho,Fit 03-08,,,,,,,
53540-SNA-IMP,Extremo de direccón,Civic 2007 - 2010,,,,,,,
53540-SR3-IMP,Extremo de dirección derecho,Civic 92-00 + CR-V 97-01,,,,,,,
53540-SV4-IMP,Extremo de dirección derecho,Accord 90-00,,,,,,,
53560-SEL-IMP,Extremo de dirección izquierdo,fit 03-08,,"$7,990.00",,,,,
53560-SNA-IMP,Extremo de dirección,Civic 2007 - 2010,,"$8,600.00",,,,,
53560-SR3-IMP,Extremo de dirección izquierdo,Civic 92-00 + CR-V 97-01,,"$8,700.00",,,,,
53560-SV4-IMP,Extremo de dirección izquierdo,Accord 90-00,,"$7,890.00",,,,,
56992-P01-IMP,Correa de dirección hidraulica,Civic 92-95,,,,,,,
56992-P0A-IMP,Correa de aire acondicionado,Accord 94-97,,,,,,,
56992-P29-IMP,Correa de dirección hidraulica,Civic 92-95 SI japones,,,,,,,
56992-P2A-IMP,Correa de dirección hidraulica,Civic 96-00,,,,,,,
56992-P3F-IMP,Correa de dirección hidraulica,CR-V 97-01,,,,,,,
56992-PAA-IMP,Correa de dirección hidraulica,Accord 94-00,,,,,,,
56992-PLR-IMP,Correa de dirección hidraulica,Civic 2001 - 2005,,"$4,500.00",,,,,
60100-S04-A00-IMP,Capot,Civic 96-98,,"$43,500.00",,,,,
60100-S04-A10-IMP,Capot,Civic 99-00,,"$41,680.00",,,,,
60100-S10-IMP,Capot,CR-V 97-01,,"$35,330.00",,,,,
60100-S5J-M00-IMP,Capot,Civic 01-03,,"$36,240.00",,,,,
60100-S5J-M10-IMP,Capot,Civic 04-05,,"$43,490.00",,,,,
60100-S84-IMP,Capot,Accord 98-00,,,,,,,
60100-S9A-IMP,Capot,CR-V 02-06,,,,,,,
60100-SAD-IMP,Capot,Fit 03-08,,"$35,790.00",,,,,
60100-SDA-IMP,Capot,Accord 03-07,,,,,,,
60100-SM4-IMP,Capot,Accord 90-93,,,,,,,
60100-SNJ-IMP,Capot,Civic 06-10,,"$43,400.00",,,,,
60100-SR3-IMP,Capot,Civic 92-95 3 P,,,,,,,
60100-SR4-IMP,Capot,Civic 92-95 4 P,,"$38,060.00",,,,,
60100-SV4-IMP,Capot,Accord 94-97,,,,,,,
60100-SWA-A90-IMP,Capot,CR-V 10-11,,"$45,300.00",,,,,
60100-SWA-IMP,Capot,CR-V 07-09,,"$44,400.00",,,,,
60100-SX0-IMP,Capot,Odyssey,,,,,,,
60100-TA0-IMP,Capot,Accord 08-10,,"$40,800.00",,,,,
60100-TJ0-IMP,Capot,Fit 09-11,,"$103,300.00",,,,,
60100-TM0-IMP,Capot,City 10,,,,,,,
60100-TR8-IMP,Capot,Civic 2012,,,,,,,
60211-S01-A00-IMP,Guardabarro delantero derecho,Civic 96-98,,,,,,,
60211-S01-A10-IMP,Guardabarro delantero derecho,Civic 99-00,,,,,,,
60211-S10-IMP,Guardabarro delantero derecho,CR-V 97-01,,,,,,,
60211-S5J-M00-IMP,Guardabarro delantero derecho,Civic 01-03,,,,,,,
60211-S5J-M10-IMP,Guardabarro delantero derecho,Civic 04-05,,,,,,,
60211-S84-IMP,Guardabarro delantero derecho,Accord 98-00,,,,,,,
60211-S9A-IMP,Guardabarro delantero derecho,CR-V 02-06,,,,,,,
60211-SAA-IMP,Guardabarro delantero derecho,Fit 03-08,,,,,,,
60211-SDA-IMP,Guardabarro delantero derecho,Accord 03-07,,,,,,,
60211-SM4-IMP,Guardabarro delantero derecho,Accord 90-93,,,,,,,
60211-SNJ-IMP,Guardabarro delantero derecho,Civic 06-10,,,,,,,
60211-SR3-IMP,Guardabarro delantero derecho,Civic 92-95 3 P,,,,,,,
60211-SR4-IMP,Guardabarro delantero derecho,Civic 92-95 4 P,,,,,,,
60211-SV4-IMP,Guardabarro delantero derecho,Accord 94-97,,,,,,,
60211-SWA-IMP,Guardabarro delantero derecho,CR-V 07-09,,"$66,120.00",,,,,
60211-SX0-IMP,Guardabarro delantero derecho,Odyssey,,,,,,,
60211-TJ0-IMP,Guardabarro delantero derecho,Fit 09-11,,"$55,530.00",,,,,
60211-TM6-IMP,Guardabarro delantero derecho,City 10,,,,,,,
60211-TR8-IMP,Guardabarro delantero derecho,Civic 2012,,,,,,,
60261-S01-A00-IMP,Guardabarro delantero izquierdo,Civic 96-98,,,,,,,
60261-S01-A10-IMP,Guardabarro delantero izquierdo,Civic 99-00,,,,,,,
60261-S10-IMP,Guardabarro delantero izquierdo,CR-V 97-01,,,,,,,
60261-S5J-M00-IMP,Guardabarro delantero izquierdo,Civic 01-03,,,,,,,
60261-S5J-M10-IMP,Guardabarro delantero izquierdo,Civic 04-05,,,,,,,
60261-S84-IMP,Guardabarro delantero izquierdo,Accord 98-00,,,,,,,
60261-S9A-IMP,Guardabarro delantero izquierdo,CR-V 02-06,,,,,,,
60261-SAA-IMP,Guardabarro delantero izquierdo,Fit 03-08,,,,,,,
60261-SDA-IMP,Guardabarro delantero izquierdo,Accord 03-07,,,,,,,
60261-SM4-IMP,Guardabarro delantero izquierdo,Accord 90-93,,,,,,,
60261-SNJ-IMP,Guardabarro delantero izquierdo,Civic 06-10,,,,,,,
60261-SR3-IMP,Guardabarro delantero izquierdo,Civic 92-95 3 P,,,,,,,
60261-SR4-IMP,Guardabarro delantero izquierdo,Civic 92-95 4 P,,,,,,,
60261-SV4-IMP,Guardabarro delantero izquierdo,Accord 94-97,,,,,,,
60261-SWA-IMP,Guardabarro delantero izquierdo,CR-V 07-09,,"$43,900.00",,,,,
60261-SX0-IMP,Guardabarro delantero izquierdo,Odyssey,,,,,,,
60261-TJ0-IMP,Guardabarro delantero izquierdo,Fit 09-11,,,,,,,
60261-TM6-IMP,Guardabarro delantero izquierdo,City 10,,,,,,,
60261-TR8-IMP,Guardabarro delantero izquierdo,Civic 2012,,,,,,,
60400-S01-A00-IMP,Panel de frente,Civic 96-98,,,,,,,
60400-S01-A10-IMP,Panel de frente,Civic 99-00,,,,,,,
60400-S10-IMP,Panel de frente,CR-V 97-01,,,,,,,
60400-S5J-M00-IMP,Panel de frente,Civic 01-03,,,,,,,
60400-S5J-M10-IMP,Panel de frente,Civic 04-05,,,,,,,
60400-S87-IMP,Panel de frente,Accord 98-00,,,,,,,
60400-S9A-IMP,Panel de frente,CR-V 02-06,,,,,,,
60400-SM4-IMP,Panel de frente,Accord 90-93,,,,,,,
60400-SNJ-IMP,Panel de frente,Civic 06-10,,,,,,,
60400-SR4-IMP,Panel de frente,Civic 92-95,,,,,,,
60400-SV4-IMP,Panel de frente,Accord 94-97,,,,,,,
60400-SWA-IMP,Panel de frente,CR-V 07-09,,,,,,,
60400-TJ0-IMP,Panel de frente,Fit 10,,,,,,,
60400-TM6-IMP,Panel de frente,City 10,,,,,,,
62320-689-IMP,Moldura inferior de parrilla,Accord 79-81,,,,,,,
62325-689-IMP,Moldura de frente de capot,Accord 79-81,,,,,,,
62330-689-PLA-IMP,Moldura contorno de guardabarro delantero derecho,Accord 79-81,,,,,,,
62340-689-PLA-IMP,Moldura contorno de guardabarro delantero izquierdo,Accord 79-81,,,,,,,
62515-SA0-IMP,Puntera de paragolpe delantera derecha,Accord 79 + Civic 79-81,,,,,,,
62616-SA0-IMP,Puntera de paragolpe delantera izquierda,Accord 79 + Civic 79-81,,,,,,,
66100-SR1-IMP,Panel de cola,Civic 92-95 4 P,,,,,,,
67151-SR4-IMP,Panel de puerta del.izq.,Civic 92-95 4 Puertas,,,,,,,
68100-SWA-IMP,Portón trasero,CR-V 2008,,,,,,,
68100-TJ0-IMP,Portón trasero,Fit 2009 - 2011,,,,,,,
68500-S04-A01-IMP,Tapa de baul,Civic 99-00,,,,,,,
68500-S04-IMP,Tapa de baul,Civic 96 - 00,,,,,,,
68500-SR4-IMP,Tapa de baul,Civic 92 -95,,,,,,,
68500-TM6-IMP,Tapa de baul,City 2013 - 2015,,,,,,,
71101-S01-A00-IMP,Paragolpe delantero,Civic 96-98,,,,,,,
71101-S10-G00-IMP,Paragolpe delantero,CR-V 97-98,,,,,,,
71101-S10-K20-IMP,Paragolpe delantero,CR-V 99-01,,,,,,,
71101-S5J-M00-IMP,Paragolpe delantero,Civic 01-03,,,,,,,
71101-S5J-M10ZZ-IMP,Paragolpe delantero,Civic 04-05,,"$44,900.00",,,,,
71101-S82-IMP,Paragolpe delantero,Accord 98 cupe,,,,,,,
71101-S84-IMP,Paragolpe delantero,Accord 98-00,,,,,,,
71101-S9A-000-IMP,Paragolpe delantero,CR-V 02-04,,,,,,,
71101-S9A-920-IMP,Paragolpe delantero,CR-V 05-06,,,,,,,
71101-SAD-M00-IMP,Paragolpe delantero,Fit 03-06,,,,,,,
71101-SAD-M10-IMP,Paragolpe delantero,Fit 07-08,,,,,,,
71101-SDA-IMP,Paragolpe delantero,Accord 03-04,,,,,,,
71101-SDA-IMP,Paragolpe delantero,Accord 05-07,,,,,,,
71101-SM4-A00-IMP,Paragolpe delantero,Accord 90-91,,,,,,,
71101-SM4-A11-IMP,Paragolpe delantero,Accord 92-93,,,,,,,
71101-SNJ-IMP,Paragolpe delantero,Civic 06-10,,,,,,,
71101-SNJ-M50-IMP,Paragolpe delantero,Civic 2010,,,,,,,
71101-SR0-IMP,Paragolpe delantero,Civic 92-95 3 P,,,,,,,
71101-SR4-IMP,Paragolpe delantero,Civic 92-95 4 P,,,,,,,
71101-SS0-IMP,Paraolpe delantero,Prelude 92-95,,,,,,,
71101-SV4-A00-IMP,Paragolpe delantero,Accord 94-95,,,,,,,
71101-SV4-A90-IMP,Paragolpe delantero,Accord 96-97,,,,,,,
71101-SWA-A90-IMP,Paragolpe delantero superior,CR-V 10-11,,,,,,,
71101-SWA-IMP,Paragolpe delantero superior,CR-V 07-09,,,,,,,
71101-TA0-IMP,Paragolpe delantero,Accord 08-10,,,,,,,
71101-TJ0-IMP,Paragolpe delantero,Fit 09-11,,,,,,,
71101-TM6-IMP,Paragolpe delantero,City 10,,,,,,,
71101-TR8-IMP,Paragolpe delantero,Civic 2012,,,,,,,
71101-TS0-IMP,Paragolpe delatero,Civic 2013 - 2015,,,,,,,
71102-SWA-A90-IMP,Paragolpe delantero inferior,CR-V 10-11,,,,,,,
71102-SWA-IMP,Paragolpe delantero inferior,CR-V 07-09,,,,,,,
71103-SWA-IMP,Moldrua de guardabarro delantero derecho,CR-V 2008,,,,,,,
71105-TR0-IMP,Parrilla de frente,Civic 2013 - 2015,,,,,,,
71108-SWA-IMP,Moldura de guardabarro delantero izquierdo,CR-V 2008,,,,,,,
71120-SV4-902-IMP,Parrilla de frente,Accord 96-97,,,,,,,
71120-SV4-V51-IMP,Parrilla de frente,Accord 94-95,,,,,,,
71121-S04-000-IMP,Parrilla de frente,Civic 96-98,,,,,,,
71121-S04-003-IMP,Parrilla de frente,Civic 99-00,,,,,,,
71121-SAA-IMP,Parrilla de frente,Fit,,,,,,,
71121-SNA-A50-IMP,Base de parrilla,Civic 2009 - 2011,,,,,,,
71121-SWA-IMP,Parrilla de frente cromada,CR-V 2007 - 2009,,,,,,,
71121-T0T-IMP,Parrilla de frente,CR-V 2012,,,,,,,
71121-TF0-Z01-IMP,Parrilla con moldura cromada,Fit 2014 - 2015,,,,,,,
71121-TM0-T11-IMP,Parrilla de frente con moldura cromada,City 2013 - 2015,,,,,,,
71121-TM5-IMP,Parrilla de frente,City 2013 - 2015,,,,,,,
71121-TM6-IMP,Parrilla de frente,City 2009,,,,,,,
71121-TR8-IMP,Parrilla de frente con moldura cromada,Civic 2013 - 2015,,,,,,,
71122-S04-000-IMP,Moldura de parrilla de frente,Civic 96-98,,,,,,,
71122-S04-003-IMP,Moldura de parrilla de frente,Civic 99-00,,,,,,,
71122-S5A-IMP,Moldura de parrilla de frente,Civic 04-05,,,,,,,
71122-S5A-IMP,Moldura de parrilla de frente,Civic 2001,,,,,,,
71122-SNA-A00-IMP,Moldura de parrilla de frente,Civic 06-08,,,,,,,
71122-SNA-A50-IMP,Moldura de parrilla de frente,Civic 09-11,,,,,,,
71122-SV4-902-IMP,Moldura de parrilla de frente cromada,Accord 96-97,,,,,,,
71122-SV4-V51-IMP,Moldura de parrilla de frente,Accord 94-95,,,,,,,
71122-TM5-IMP,Moldura de parrilla de frente cromada,City 2013 - 2015,,"$22,000.00",,,,,
71127-T0A-IMP,Moldrua de parrilla de frente,CR-V 2012,,,,,,,
71128-SWA-IMP,Parrilla superior de frente c/moldruas cromadas,CR-V 2008,,,,,,,
71130-S01-IMP,Alma de paragolpe delantero,Civic 96 - 00,,,,,,,
71130-S10-IMP,Alma de paragolpe delantero,CR-V 97 - 2000,,,,,,,
71130-S9A-IMP,Alma de paragolpe delantero,CR-V 02-06,,,,,,,
71130-SNJ-IMP,Alma de paragolpe delantero,Civic 07-09,,"$14,500.00",,,,,
71130-SR4-IMP,Alma de paragolpe delantero,Civic 92 - 95,,,,,,,
71130-SWA-IMP,Alma de paragolpe delantero,CR-V 07-10,,,,,,,
71130-TJ0-IMP,Alma de paragolpe delantero,Fit 09-11,,,,,,,
71130-TM6-IMP,Alma de paragolpe delantero,City 10,,,,,,,
71140-S5D-IMP,Soporte bajo optica derecho,Civic 2001 - 2005,,,,,,,
71140-S9A-IMP,Soporte bajo optica derecho,CR-V 203 - 2006,,,,,,,
71140-SDA-IMP,Soporte bajo optica derecho,Accord 2003 - 2007,,,,,,,
71140-SNA-IMP,Soporte bajo optica derecho,Civic 2006 - 2011,,,,,,,
71140-TF0-IMP,Soporte bajo optica derecho,Fit 2009 - 2011,,"$27,000.00",,,,,
71140-TM0-IMP,Soporte bajo optica derecho,City 2010 - 2015,,"$22,000.00",,,,,
71141-S10-IMP,Soporte de paragolpe delantero,CR-V 97 - 2000,,,,,,,
71190-S5D-IMP,Soporte bajo optica izquierdo,Civic 2001 - 2005,,,,,,,
71190-S9A-IMP,Soporte bajo optica izquierdo,CR-V 203 - 2006,,,,,,,
71190-SDA-IMP,Soporte bajo optica izquierdo,Accord 2003 - 2007,,,,,,,
71190-SNA-IMP,Soporte bajo optica izquierdo,Civic 2006 - 2011,,,,,,,
71190-TF0-IMP,Soporte bajo optica izquierdo,Fit 2009 - 2011,,"$27,000.00",,,,,
71190-TM0-IMP,Soporte bajo optica izquierdo,City 2010 - 2015,,"$22,000.00",,,,,
71501-S01-A00-IMP,Paragolpe trasero,Civic 96-98,,,,,,,
71501-S01-A10-IMP,Paragolpe trasero,Civic 99-00,,,,,,,
71501-S03-IMP,Paragolpe trasero,Civic 3 P 96-00,,,,,,,
71501-S04-G00-IMP,Paragolpe trasero,Civic 96-00 Vti,,,,,,,
71501-S10-G00-IMP,Paragolpe trasero,CR-V 97-98,,,,,,,
71501-S5J-M00-IMP,Paragolpe trasero,Civic 01-03,,,,,,,
71501-S5J-M10-IMP,Paragolpe trasero,Civic 04-05,,,,,,,
71501-S84-IMP,Paragolpe trasero,Accord 98-00,,,,,,,
71501-S9A-000-IMP,Paragolpe trasero,CR-V 02-04,,,,,,,
71501-S9A-920-IMP,Paragolpe trasero,CR-V 05-06,,,,,,,
71501-SAD-IMP,Paragolpe trasero,Fit 03-08,,,,,,,
71501-SDA-IMP,Paragolpe trasero,Accord 03-07,,,,,,,
71501-SM4-A00-IMP,Paragolpe trasero,Accord 90-91,,,,,,,
71501-SM4-A11-IMP,Paragolpe trasero,Accord 92-93,,,,,,,
71501-SR0-IMP,Paragolpe trasero,Civic 92-95 3 P,,,,,,,
71501-SR4-IMP,Paragolpe trasero,Civic 92-95 4 P,,,,,,,
71501-SV4-A00-IMP,Paragolpe trasero,Accord 94-95,,,,,,,
71501-SV4-A90-IMP,Paragolpe trasero,Accord 96-97,,,,,,,
71501-SWA-A90-IMP,Paragolpe trasero superior,CR-V 2010,,,,,,,
71501-SWA-IMP,Paragolpe trasero superior,CR-V 07-09,,,,,,,
71501-TA0-IMP,Paragolpe trasero,Accord 08-10,,,,,,,
71501-TJ0-IMP,Paragolpe trasero,Fit 09-11,,,,,,,
71501-TJ0-M10-IMP,Paragolpe trasero,Fit 2014 - 2015,,,,,,,
71501-TM6-IMP,Paragolpe trasero,City 10,,,,,,,
71501-TR8-IMP,Paragolpe trasero,Civic 2012,,,,,,,
71501-TS0-IMP,Paragolpe trasero,Civic 2013 - 2015,,"$109,500.00",,,,,
71502-SWA-A90-IMP,Paragolpe trasero inferior,CR-V 2010,,"$16,760.00",,,,,
71502-SWA-IMP,Paragolpe trasero inferior,CR-V 10-11,,,,,,,
71593-TM0-IMP,Soporte de paragolpe trasero derecho,City 2010 - 2015,,"$12,000.00",,,,,
71598-TM0-IMP,Soporte de paragolpe trasero izquierdo,City 2010 - 2015,,"$12,000.00",,,,,
71800-SNJ-IMP,Zocalos de aluminio,Civic 2006 - 2011,,$750.00,,,,,
71800-SWA-IMP,Zocalos de aluminio,CR-V 2006 - 2010,,$850.00,,,,,
71800-TJ0-IMP,Zocalos de aluminio,Fit 2009 - 2011,,$750.00,,,,,
71800-TJ0-IMP,Zocalos de plastico,Fit 2009 - 2011,,$556.00,,,,,
72120-SR4-IMP,Manija interior de puerta delantera derecha,Cvici 92-95 japones,,,,,,,
72125-S04-IMP,Manija interior de puerta delantera derecha,Civic 96 - 00,,,,,,,
72125-S10-IMP,Manija interior de puerta delantera derecha,CR-V 97-98,,,,,,,
72125-SM4-IMP,Manija interior de puerta delantera derecha,Accord 90-93 americano,,,,,,,
72125-SV4-IMP,Manija interior de puerta delantera derecha,Accord 94-97,,,,,,,
72140-ST0-003-IMP,Manija de puerta ext.del.der.,Crv 97-01,,,,,,,
72140-ST0-003-IMP,Manija de puerta ext.del.der.,Crv 97-01,,,,,,,
72145-SM4-IMP,Cilindro de puerta delantera derecha,Accord 90-93,,,,,,,
72145-SR4-IMP,Cilindro de puerta delantera derecha,Civic 92-00,,,,,,,
72145-SV4-IMP,Cilindro de puerta delantera derecha,Accord 94-97,,,,,,,
72146-SM4-IMP,Cilindro de puerta delantera izquierda,Accord 90-93,,,,,,,
72146-SR4-IMP,Cilindro de puerta delantera izquierda,Civic 92-00,,,,,,,
72146-SV4-IMP,Cilindro de puerta delantera izquierda,Accord 94-97,,,,,,,
72160-SR4-IMP,Manija interior de puerta delantera izquierda,Civic 92-95 japones,,,,,,,
72165-S04-IMP,Manija interior de puerta delantera izquierda,Civic 96 - 00,,,,,,,
72165-S10-IMP,Manija interior de puerta delantera izquierda,CR-V 97-98,,,,,,,
72165-SM4-IMP,Manija interior de puerta delantera izquierda,Accord 90-93 americano,,,,,,,
72165-SV4-IMP,Manija interior de puerta delantera izquierda,Accord 94-97,,,,,,,
72180 -SNA-CROM-IMP,Juego de Manija exterior de puerta cromada,Civic 2006 - 2011,,$313.00,,,,,
72180 -SWA-CROM-IMP,Juego de Manija exterior de puerta cromada,CR-V 2007 - 2011,,$417.00,,,,,
72180 -TJ0-CROM-IMP,Juego de Manija exterior de puerta cromada,Fit 2009,,$313.00,,,,,
72180-SR0-IMP,Manija exterior de puerta delantera derecha,Civic 92-95,,$500.00,,,,,
72235-SM4-IMP,Guia de vidrio delantero derecho,Accord 1990 - 1993,,"$65,000.00",,,,,
72235-SR1-IMP,Coliza de vidrio delantero derecho,Civic 92-95 4 P,,"$65,000.00",,,,,
72235-SR3-IMP,Coliza de vidrio derecho,Civic 92-95 3 P,,"$65,000.00",,,,,
72235-SV4-IMP,Coliza de vidrio delantero derecho,Accord 94-97,,,,,,,
72251-S01-IMP,Motor con tijera delantero derecho,Civic 96 - 00,,,,,,,
72251-S10-IMP,Motor con tijera delantero derecho,CR-V 97-01,,,,,,,
72251-SR1-IMP,Motor con tijera delantero derecho,Civic 92-95 4 P,,,,,,,
72251-SV4-IMP,Motor con tijera delantero derecho,Accord 94-97,,,,,,,
72255-S01-IMP,Motor con tijerta delantero izquierdo,Civic 96 - 00,,,,,,,
72255-S10-IMP,Motor con tijera delantero izquierdo,CR-V 97-01,,,,,,,
72255-SR1-IMP,Motor con tijera delantero izquierdo,Civic 92-95 4 P,,,,,,,
72255-SV4-IMP,Motor con tijera delantero izquierdo,Accord 94-97,,,,,,,
72275-SM4-IMP,Guia de vidrio delantero izquierdo,Accord 1990 - 1993,,,,,,,
72275-SR1-IMP,Coliza de vidrio delantero izquierdo,Civic 92-95 4 P,,,,,,,
72275-SR3-IMP,Coliza de vidrio izquierdo,Civic 92-95 3 P,,,,,,,
72275-SV4-IMP,Coliza de vidrio delantero izquierdo,Accord 94-97,,$900.00,,,,,
72280-SR0-IMP,Manija exterior de puerta delantera izquierda,Civic 92-95,,,,,,,
72340-SR4-IMP,Moldura paratente de puerta delantera derecha,Civic 92-95 4 P,,,,,,,
72380-SR0-IMP,Manija exterior de puerta trasera derecha,Civic 92-95,,,,,,,
72470-SR4-IMP,Moldura paratente de puerta delantera izquierda,Civic 92-95 4 P,,,,,,,
72480-SR0-IMP,Manija exterior de puerta trasera izquierda,Civic 92-95,,,,,,,
72930-SR4-IMP,Moldura paratente de puerta trasera derecha,Civic 92-95 4 P,,,,,,,
72970-SR4-IMP,Moldura paratente de puerta trasera izquierda,Civic 92-95 4 P,,,,,,,
74100-SWA-IMP,Guardaplast delantero derecho,CR-V 2008,,"$14,000.00",,,,,
74101-S10-IMP,Guardaplast delantero derecho,CR-V 97-01,,,,,,,
74101-S5J-IMP,Guardaplast delantero derecho,Civic 01-05,,,,,,,
74101-S84-IMP,Guardaplast delantero derecho,Accord 98-00,,,,,,,
74101-S9A-IMP,Guardaplast delantero derecho,CR-V 02-06,,,,,,,
74101-SAA-IMP,Guardaplast delentero derecho,Fit,,,,,,,
74101-SM4-IMP,Guardaplast delantero derecho,Accord 90-93,,,,,,,
74101-SNA-IMP,Guardaplast delantero derecho,Civic 2007 - 2010,,,,,,,
74101-SR3-IMP,Guardaplast delantero derecho,Civic 92-95,,,,,,,
74101-SV4-IMP,Guardaplast delantero derecho,Accord 94-97,,,,,,,
74101-TM0-IMP,Guardaplast delantero derecho,City 10,,,,,,,
74110-T0A-IMP,Fender de guardabarro delantero derecho,CR-V 2012,,,,,,,
74111-SNA-IMP,Cubre carter ,Civic 2006 - 2011,,"$52,400.00",,,,,
74111-TJ0-IMP,Cubre carter de chapa,Fit 2009 - 2011,,,,,,,
74115-SWA-IMP,Fender de guardabrarro delantero derecho,CR-V 2008,,,,,,,
74120-SR4-IMP,Cerradura de capot,Civic 92 -95,,,,,,,
74130-S01-IMP,Cable tira capot,Civic 96 2000,,,,,,,
74130-S10-IMP,Cable tira capot,CR-V 97-2000,,,,,,,
74130-SR3-IMP,Cable tira capot,Civic 1992 - 1995,,,,,,,
74150-SWA-IMP,Guardaplast delantero izquierdo,CR-V 2008,,"$14,000.00",,,,,
74151-S10-IMP,Guardaplast delantero izquierdo,CR-V 97-01,,,,,,,
74151-S5J-IMP,Guardaplast delantero izquierdo,Civic 01-05,,,,,,,
74151-S84-IMP,Guardaplast delantero izquierdo,Accord 98-00,,,,,,,
74151-S9A-IMP,Guardaplast delantero izquierdo,CR-V 02-06,,,,,,,
74151-SAA-IMP,Guardaplast delantero izquierdo,Fit,,,,,,,
74151-SM4-IMP,Guardaplast delantero izquierdo,Accord 90-93,,,,,,,
74151-SNA-IMP,Guardaplast delantero izquierdo,Civic 2007 - 2010,,,,,,,
74151-SR3-IMP,Guardaplast delantero izquierdo,Civic 92-95,,"$25,300.00",,,,,
74151-SV4-IMP,Guardaplast delantero izquierdo,Accord 94-97,,,,,,,
74151-TM0-IMP,Guardaplast delantero izquierdo,City 10,,,,,,,
74165-SWA-IMP,Fender de guardabrarro delantero izquierdo,CR-V 2008,,"$16,800.00",,,,,
74410-SWA-IMP,Fender de guardabrarro trasero derecho,CR-V 2008,,"$94,050.00",,,,,
74450-T0A-IMP,Fender de guardabarro delantero izquierdo,CR-V 2012,,,,,,,
74455-SWA-IMP,Fender de guardabrarro trasero izquierdo,CR-V 2008,,,,,,,
74455-T0A-IMP,Fender de guardabarro trasero izquierdo,CR-V 2012,,,,,,,
74820-SAD-IMP,Amortiguador de porton,Fit,,"$2,800.00",,,,,
74890-SWA-IMP,Moldura cromada de portón,CR-V 2008,,,,,,,
74895-SWA-IMP,Moldura de portón,CR-V 2008,,,,,,,
74895-T0A-IMP,Moldura de portón,CR-V 2012,,,,,,,
75101-S10-IMP,Parrilla de frente,CR-V 97-01,,,,,,,
75101-SM4-IMP,Parrilla de frente,Accord 92-93,,,,,,,
75101-SV4-902-IMP,Parrilla de frente,Accord 96-97,,,,,,,
75101-SV4-V51-IMP,Parrilla de frente,Accord 94-95,,,,,,,
75120-S10-IMP,Moldura de parrilla de frente cromada,CR-V 97-01,,,,,,,
75120-SV4-902-IMP,Moldura de parrilla de frente,Accord 96-97,,,,,,,
75120-SV4-V51-IMP,Moldura de parrilla de frente,Accord 94-95,,,,,,,
75220-S10-IMP,Barrero delantero derecho,CR-V 97-01,,,,,,,
75230-S10-IMP,Barrero delantero izquierdo,CR-V 97-02,,,,,,,
75301-SM4-003-IMP,Moldura de guardabarro delantero derecho,Accord 90-93,,,,,,,
75301-SR3-003-IMP,Moldura de guardabarro delantero derecho,Civic 92-95 3 P japones,,,,,,,
75301-SR4-003-IMP,Moldura de guardabarro delantero derecho,Civic 92-95 4 P japones,,,,,,,
75301-SV4-A03-IMP,Moldura de guardabarro delantero derecho,Accord 94-97,,,,,,,
75302-SM4-003-IMP,Moldura de puerta delantera derecha,Accord 90-93,,,,,,,
75302-SR4-003-IMP,Moldura de puerta delantera derecha,Civic 92-95 4 P japones,,,,,,,
75303-SM4-003-IMP,Moldura de puerta trasera derecha,Accord 90-93,,,,,,,
75303-SR4-003-IMP,Moldura de puerta trasera derecha,Civic 92-95 4 P japones,,,,,,,
75303-SV4-A03-IMP,Moldura de puerta trasera derecha,Accord 94-97,,,,,,,
75321-SM4-003-IMP,Moldura de guardabarro delantero izquierdo,Accord 90-93,,,,,,,
75321-SR4-003-IMP,Moldura de guardabarro delantero izquierdo,Civic 92-95 4 P japones,,,,,,,
75321-SV4-A03-IMP,Moldura de guardabarro delantero izquierdo,Accord 94-97,,,,,,,
75322-SM4-003-IMP,Moldura de puerta delantera izquierda,Accord 90-93,,,,,,,
75322-SR4-003-IMP,Moldura de puerta delantera izquierda,Civic 92-95 4 P japones,,,,,,,
75322-SV4-A03-IMP,Moldura de puerta delantera izquierda,Accord 94-97,,,,,,,
75323-SM4-003-IMP,Moldura de puerta trasera izquierda,Accord 90-93,,,,,,,
75323-SV4-A03-IMP,Moldura de puerta trasera izquierda,Accord 94-97,,,,,,,
75700-SR3-IMP,Emblema,Todos 92-00,,,,,,,
75820-S10-IMP,Barrero trasero derecho,CR-V 97-03,,,,,,,
75830-S10-IMP,Barrero trasero izquierdo,CR-V 97-04,,,,,,,
76200-S03-IMP,Espejo derecho,Civic 2/3 P,,,,,,,
76200-S10-IMP,Espejo derecho,CR-V 97-01,,,,,,,
76200-S1L-IMP,Espejo derecho,Civic 96-00,,,,,,,
76200-S5J-IMP,Espejo derecho,Civic 01-05,,,,,,,
76200-S84-IMP,Espejo derecho,Accord 98-00,,,,,,,
76200-S9A-IMP,Espejo derecho,CR-V 02-06,,,,,,,
76200-SAA-IMP,Espejo derecho,Fit 2003 +,,,,,,,
76200-SDA-IMP,Espejo derecho,Accord 02-07,,,,,,,
76200-SM4-IMP,Espejo derecho,Accord 90-93,,,,,,,
76200-SNJ-M01-IMP,Espejo derecho sin luz,Civic 2007 - 2010,,,,,,,
76200-SNJ-M11-IMP,Espejo derecho con luz,Civic 2007 - 2010,,,,,,,
76200-SR0-IMP,Espejo derecho,Civic 92-95 3 P,,,,,,,
76200-SR1-IMP,Espejo derecho control manual,Civic 92-95 4 P,,,,,,,
76200-SR4-IMP,Espejo derecho,Civic 92-95 4 P,,,,,,,
76200-SV2-IMP,Espejo derecho,Accord 94-97 2 P,,,,,,,
76200-SV4-IMP,Espejo derecho,Accord 94-97,,,,,,,
76200-SWA-IMP,Espejo derecho,CR-V 2008 +,,,,,,,
76200-TJ0-M01-IMP,Espejo derecho sin luz,Fit 2009 - 2011,,,,,,,
76200-TJ0-M11-IMP,Espejo derecho con luz,Fit 2009 - 2011,,,,,,,
76250-S03-IMP,Espejo izquierdo,Civic 2/3 P,,,,,,,
76250-S10-IMP,Espejo izquierdo,CR-V 97-01,,,,,,,
76250-S1L-IMP,Espejo izquierdo,Civic 96-00,,,,,,,
76250-S5J-IMP,Espejo izquierdo,Civic 01-05,,,,,,,
76250-S84-IMP,Espejo izquierdo,Accord 98-00,,,,,,,
76250-S9A-IMP,Espejo izquierdo,CR-V 02-06,,,,,,,
76250-SAA-IMP,Espejo izquierdo,Fit 2003 +,,,,,,,
76250-SDA-IMP,Espejo izquierdo,Accord 02-07,,,,,,,
76250-SM4-IMP,Espejo izquierdo,Accord 90-93,,,,,,,
76250-SNJ-M01-IMP,Espejo izquierdo sin luz,Civic 2007 - 2010,,,,,,,
76250-SNJ-M11-IMP,Espejo izquierdo con luz,Civic 2007 - 2010,,,,,,,
76250-SR0-IMP,Espejo izquierdo,Civic 92-95 3 P,,,,,,,
76250-SR1-IMP,Espejo izquierdo control manual,Civic 92-95 4 P,,,,,,,
76250-SR4-IMP,Espejo izquierdo,Civic 92-95 4 P,,,,,,,
76250-SV2-IMP,Espejo izquierdo,Accord 94-97 2 P,,,,,,,
76250-SV4-IMP,Espejo izquierdo,Accord 94-97,,,,,,,
76250-SWA-IMP,Espejo izquierdo,CR-V 2008 +,,,,,,,
76250-TJ0-M01-IMP,Espejo izquierdo sin luz,Fit 2009 - 2011,,,,,,,
76250-TJ0-M11-IMP,Espejo izquierdo con luz,Fit 2009 - 2011,,,,,,,
76720-S9A-IMP,Brazo con escobilla trasero,CRV 02/06,,,,,,,
76720-S9A-IMP,Brazo con escobilla trasero,CRV 02/06,,,,,,,
76720-SWA-IMP,Brazo con escobilla trasero,CRV 07/11,,,,,,,
76720-SWA-IMP,Brazo con escobilla trasero,CRV 07/11,,,,,,,
76720-T0A-IMP,Brazo con escobilla trasero,CRV 12/15,,,,,,,
76720-T0A-IMP,Brazo con escobilla trasero,CRV 12/15,,,,,,,
76720-T5A-IMP,Brazo con esbobilla trasero,FIT 15/18,,,,,,,
76720-T5A-IMP,Brazo con esbobilla trasero,FIT 15/18,,,,,,,
76720-TJ0-IMP,Brazo con escobilla trasero,FIT 09/13,,,,,,,
76720-TJ0-IMP,Brazo con escobilla trasero,FIT 09/13,,,,,,,
76930-S5A-013-IMP,Bombin de embrague,Civic 01/05,,,,,,,
76930-S5A-013-IMP,Bombin de embrague,Civic 01/05,,,,,,,
78410-S04-IMP,Sensor de velocidad,Civic 96-00,,,,,,,
78410-SV4-IMP,Sensor de velocidad,Accord-Civic-Prelude,,"$46,200.00",,,,,
78501-SR3-REC-IMP,Volante reparación,Todos,,,,,,,
80100-P8C-IMP,Condensador de aire,Accord 98 - 00 V6,,,,,,,
80100-PAA-IMP,Condensador de aire,Accord 98 - 00,,,,,,,
80100-PT1-IMP,Condensador de aire,Accord 90 - 93,,,,,,,
80100-S10-IMP,Condensador de aire,CR-V 97 - 2000,,,,,,,
80100-S5J-IMP,Condensador de aire,Civic 2001 - 2005,,,,,,,
80100-S84-IMP,Condensador de aire,Accord 98 - 2000,,,,,,,
80100-S87-IMP,Condensador de aire,Accord 98 - 2000 V6,,,,,,,
80100-S9A-IMP,Condensador de aire,CR-V 2003 - 2006,,,,,,,
80100-SDA-IMP,Condensador de aire,Accord 2003 - 2007,,,,,,,
80100-SDB-IMP,Condensador de aire,Accord 2003 - 2007 V6,,,,,,,
80100-SR1-IMP,Condensador de aire,Civic 1992 - 1995,,,,,,,
80100-SV4-IMP,Condensador de aire,Accord 94 - 97,,,,,,,
80100-SV7-IMP,Condensador de aire,Accord 94 - 97 V6,,,,,,,
80100-TJ0-IMP,Condensador de aire,Fit - City,,,,,,,
80100-TR8-IMP,Condensador de aire,Civic 2012,,,,,,,
80110-RZA-IMP,Condensador de aire,CR-V 06-11,,,,,,,
80110-SAD-IMP,Condensador de aire,Fit,,,,,,,
80110-SNJ-IMP,Condensador de aire,Civic,,,,,,,
80151-P0A-IMP,Motor soporte y paleta de aire acondicionado,Accord 94-97,,,,,,,
80151-P3F-IMP,Motor soporte y paleta de aire acondicionado,CR-V 97-01,,,,,,,
80151-P8C-IMP,Motor soporte y paleta de aire acondicionado,Accord 1998 - 2000 v6,,,,,,,
80151-PT0-IMP,Motor soporte y paleta de aire acondicionado,Accord 90-93,,,,,,,
80151-RZA-IMP,Motor soporte y paleta de aire acondicionado,CR-V 07-10,,,,,,,
80151-S01-IMP,Motor soporte y paleta de aire acondicionado,Civic 96-00,,,,,,,
80151-SR1-IMP,Motor soporte y paleta de aire acondicionado,Civic 92-95,,,,,,,
80291-S5J-NAC-IMP,Filtro de polen,Civic 01-05,,,,,,,
80291-S9A-NAC-IMP,Filtro de polen,CR-V 02-06,,,,,,,
80291-SAA-NAC-IMP,Filtro de polen,Fit 03-08,,"$16,000.00",,,,,
80291-SNJ-NAC-IMP,Filtro de polen,Civic 06-11,,"$16,000.00",,,,,
80291-ST3-NAC-IMP,Filtro de polen,CR-V 97-01,,,,,,,
80291-SWA-003-IMP,Filtro de polen,CR-V 07-16 C/07-16,,"$18,500.00",16,,,,
84111-671-IMP,Paragolpe trasero,Accord 79-81,,,,,,,
84115-SA0-IMP,Puntera de paragolpe trasero derecha,Accord 79 + Civic 79-81,,,,,,,
84116-SA0-IMP,Puntera de paragolpe trasero izquierda,Accord 79 + Civic 79-81,,,,,,,
88150-647-IMP,Espejo derecho cromado,Accord 79-81,,,,,,,
88150-SA0-IMP,Espejo derecho negro,Civic 79-81 + Prelude 79-81,,,,,,,
88155-647-IMP,Espejo izquierdo cromado,Accord 79-81,,,,,,,
88155-SA0-IMP,Espejo izquierdo negro,Civic 79-81 + Prelude 79-81,,,,,,,
90009-PH1-IMP,Bulon de carter,A//C/P/,,,,,,,
90009-PH1-IMP,Bulon de carter,A//C/P/,,,,,,,
90017-P01-IMP,Bulon de polea,Civic,,,,,,,
90113-SA0-IMP,Bulon de rueda,Todos 92-00,,"$5,500.00",,,,,
90304-SA0-IMP,Tuerca de rueda,Civic 92-95,,,,,,,
90441-PK2-000-IMP,Arandela tapa de valvulas,C/92-95,,,,,,,
90441-PT0-000-IMP,Arandela tapa de valvulas,A/90/93,,,,,,,
90442-P0A-000-IMP,Arandela tapa de valvulas,A/94/97,,,,,,,
90442-PLC-000-IMP,Arandela tapa de valvulas,C/01/05,,,,,,,
91203-611-IMP,Reten de arbol de levas,Accord 79-83,,,,,,,
91203-PFB-IMP,Reten de arbol de levas,CR-V 97-01,,,,,,,
91205-P0X-005-IMP,Reten salida de caja ( 40x56x9 ),Acc 98/02,,,,,,,
91205-P0X-005-IMP,Reten salida de caja ( 40x56x9 ),Acc 98/02,,,,,,,
91212-611-IMP,Reten de distribución,Accord 79-81,,"$12,000.00",,,,,
91212-P01-IMP,Reten de distribución,Civic 92-95,,"$12,000.00",,,,,
91212-P0A-IMP,Reten de distribución,Accord 90-00,,"$12,000.00",,,,,
91213-P2F-IMP,Reten de arbol de levas,Civic 92-00,,"$12,000.00",,,,,
91213-PT0-IMP,Reten de arbol de levas,Accord 90-00,,"$12,000.00",,,,,
91214-634-IMP,Reten de bancada 74,Accord+Civic+Prelude 79-80,,,,,,,
91214-689-IMP,Reten de bancada 76,Accord+Civic+Prelude 80-81,,,,,,,
91214-PNA-IMP,Reten de bancada 80x 98x10,CR-V 2003 - 2006,,"$28,000.00",,,,,
91214-PT0-IMP,Reten de bancada 80x100x10,Todos 92-00,,"$28,000.00",,,,,
91233-PT0-IMP,Reten de balanceador,Accord 90-00,,"$12,000.00",,,,,
91501-S04-IMP,Grampa de guadaplast,Todos,,,,,,,
91503-SZ3-IMP,Grampa de paragolpe,Todos,,"$1,300.00",,,,,
91512-SM4-IMP,Grampa de guardaplast,Todos,,$800.00,,,,,
FLEXI-BLE-IMP,Flexible de freno,Todos 92-00,,,,,,,
33950-TEM-M01-IMP,faro auxiliar,Civic 16/19 Fit 18+ WR-V19+ Hr-v 17,,"$75,600.00",2,,,1 I 1 2,
,PLATINA LARGA FIT,ACCESORIO ,,,2,,,1 I 1 2,
,PLATINA CORTA FIT,ACCESORIO ,,,2,,,1 I 1 2,
17220-5AA-A00,Filtro de aire,,,,2,,,1 I 1 2,
34301-S5H-T02,LAMP LATERAL GIRO ,"CIV01-05 ACC97-07 CR-V95-16 
FIT02-16 CITY03-08 HR-V99-06",,,2,,,1 I 1 4,
34350-SL4-003,LUZ GIRO LATERAL IZQUIERDA,"CIV 96-01 ACC97-02
CRV 96-01 PRE 92-01",,,1,,,1 I 1 4,
34100-SNJ-M01,LUZ PATENTE TRASERA,"CIV 07-11
CITY 09-14",,,2,,,1 I 1 4,
34402-S5A-003,LENTE MICA LUZ DE CORTESIA ,CIV 01-08,,,0,,,1 I 1 4,
33301-SR3-003,LAMP ESQ DELANTERA DER,CIV 92-95,,,10,,,1 I 1 5,
33555-T7S-M01,REFLECTOR TRAS IZQ PARA GOLPES ,HR-V 16-22,,,3,,,1 I 1 5,
34350-SV4-Q02,LUZ DEL LATERAL IZQ,ACC 94-97,,,13,,,1 I 1 7,
34300-SV4-Q02,FARO IQZ DELANTERO,ACC 94-97,,,1,,,1 I 1 7,
33350-SV4-A01,LUZ GIRO DELANTERO IZQ,ACC 94-95,,,1,,,1 I 2 5,
17220-PA1-003,FILTRO DE AIRE,CIV 73-79,,,1,,,1 I 2 3,
34401-S7A-003,LUZ DE POSICION TRASERA DERECHA,STREAM 00-03,,,1,,,1 I 2 4,
34300-SA0-733,LUZ DE POSICION FRONTAL DERECHA ,CIV 80-83,,,1,,,1 I 2 4,
34252-SB2-003,LENTE TRANSPARENTE DE LUZ TECHO INTERIOR ,CIV 84-00,,,1,,,1 I 2 4,
34262-SM4-003,LENTE TRANSPARENTE DE LUZ TECHO INTERIOR ,ACC 90-97 CIV 93-00,,,1,,,1 I 2 4,
34251-S5A-003,LENTE TRANSPARENTE DE LUZ TECHO INTERIOR ,"CIV 01-16 ACC 03-16
CRV 08-16",,,1,,,1 I 2 4,
33300-SV4-A01,LUZ GIRO DELANTERO DER,ACC 94-95,,,2,,,1 I 2 5,
33300-SV4-A02,LUZ POSICION FRONTAL DERECHA,ACC 94-97,,,1,,,1 I 2 5,
33350-SV4-A01,LUZ DE GIRO DELANTERO IZQUIERDA ,ACC 94-95,,,1,,,1 I 2 5,
33851-SS0-A01,FARO PARAGOLPE DELANTERO PRELUDE IZQ,PRE 92-93,,,1,,,1 I 2 5,
34350-SS0-A02,LUZ POSICION LATERAL DELANTERA IZQUIERDA,PRE 92-96,,,1,,,1 I 2 5,
34300-SM4-G01,LUZ POSICION DELANTERA DERECHA ,ACC 89-92,,,1,,,1 I 2 5,
34350-SM4-G01,LUZ POSICION DELANTERA IZQUIERDA,ACC 89-92,,,1,,,1 I 2 5,
34351-SV4-Q01,LUZ DE POSICION DEL LATERAL IZQUIERDA,ACC 94-96,,,2,,,1 I 2 6,
34301-SM4-A02,LUZ DE POSICION DEL LATERAL DERECHA,ACC 90-91,,,10,,,1 I 2 7,
34351-SM4-A02,LUZ DE POSICION DEL LATERAL IZQUIERDA,ACC 90-91,,,16,,,1 I 2 7,
80291-TF0-U01,Filtro de habitaculo,Fit /City 09-14,,"$18,500.00",15,,,,
,,,,,,,,,
33300-SM4,FARO ACORD 92-93 DERECHO AMERICANO,,,,2,,,1 I 2,
,,,,,,,,,
33300-SM4-A01,PARAGOLPE ACCORD 90-93,,,,6,,,1 I 3,
33352-SS0-A01,FARO PARAGOLPE PRELUDE IZQ 95-92 JAPON,,,,2,,,1 I 3,
33302-SS0-A01,FARO PARAGOLPE PRELUDE 95-92 JAPON DERE,,,,4,,,1 I 3,
34300-634-622,ACRILICO DERECHO ACCORD 81,,,,89,,,1 I 3,
YMHD-1501,FARO GUARDABARRO IZQ ACCORD 81,,,,7,,,1 I 3,
YMHD-1501,FARO GUARDABARRO DER ACCORD 81,,,,27,,,1 I 3,
17220-5PH-A01,FILTRO DE AIRE CR-V 2020,,,"$95,775.00",2,,,,
33800-TEM-M01,LUZ LATERAL DEL.DER. CIVIC 2017+,,,"$86,325.00",1,,,,
33850-TEM-M01,LUZ LATERAL DEL.IZQ. CIVIC 2017+,,,"$86,325.00",2,,,,
57450-SNE-A01,SENSOR DE ABS DELANTERO DERECHO,,,"$99,562.00",1,,,,
72275-SAD-M01,COLIZA DE VIDRIO PUERTA DEL.IZQ.,,,"$159,975.00",1,,,,
74100-SXS-A10,GUARDAPLAST DEL.DER.,,,"$221,400.00",1,,,,
74222-SAA-G00,CUBRE BISAGRA DE CAPOT LADO DER.,,,"$30,780.00",2,,,,
19010-RZY-A51,RADIADOR AT,,,"$1,220,782.00",1,,,,
38920-PNA-003,CORREA AUXILIAR CR-V 02/06 7PK1730,,,"$79,100.00",3,,,,
38920-RB0-004-IMP,CORREA AUXILIAR  FIT/CITY,Fit/City 2009/14,,"$35,200.00",5,,,,
38611-PT3-A03-IMP,ELECTRO A/A COMPLETO,Accord 94/97,,"$151,320.00",1,,,,
52365-SH3-000-IMP,Buje largo parrilla trasera,Civic 96/00 cr-v 97/01,,"$12,900.00",8,,,,
51320-TF0-003-IMP,Bieleta dealntera,Fit/city 2009/14,,"$31,350.00",4,,,,
51350-T0A-A02-IMP,Buje moño,CR-V 2011/17,,"$81,100.00",6,,,,
51306-S7B-014-IMP,Buje barra estabilizadora delantera jgo.,Cr-v 02/06,,"$15,880.00",4,,,,
51350-SWA-E01,Buje chico de parrilla delantera,Cr-v 07/11,,"$20,780.00",6,,,,
52390-S9A-A11-IMO,Buje bieleta trasera supeior,Cr-v 07/11,,"$18,200.00",4,,,,
51392-SAA-000-IMP,Buje chico de parrilla delantera,Fit 03/08,,"$13,220.00",6,,,,
51350-T7W-A00,Buje grande parrilla delantera,H-rv 16/21,,"$30,880.00",8,,,,
72160-S10-G01-IMP,Manija de puerta del.izq.,Cr-v 98/01,,"$24,600.00",1,,,,
22810-PPT-003-IMP,Ruleman de empuje,Cr-v 02/06 A 02/06,,"$62,500.00",1,,,,
33165-S5A-003-IMP,Lampara faro auxiliar (H11) ,Civic 07/11 Crv 07/11,,"$20,000.00",10,,,,
38920-RBB-E03-IMP,Correa auxiliar,CR-V 07/11,,"$53,000.00",5,,,,
38920-RCA-A03,Correa auxiliar,Accord V6 02/07,,"$34,000.00",2,,,,
76200-SDA-A11-IMP,Espejo lado derecho,Accord 02/07,,"$258,200.00",1,,,,
79710-SDA-A01,Canilla de calefaccion,Accord 02/07,,"$172,950.00",2,,,,
50840-SCA-980-IMP,Pata de motor delantera,Cr-v 02/06,,"$105,300.00",2,,,,
76253-S10-E01,Cristal de espejo izquierdo,Cr-v 97/06,,"$117,937.00",1,,,,
76720-TJ0-M01,Brazo limpia luneta,Fit 09/14,,"$127,275.00",1,,,,
76721-SDA-M01 ,Tapa brazo limpia luneta,Fit 09/14,,"$25,965.00",1,,,,